/*
 Navicat Premium Data Transfer

 Source Server         : work
 Source Server Type    : MySQL
 Source Server Version : 50725
 Source Host           : localhost:3306
 Source Schema         : jyblog

 Target Server Type    : MySQL
 Target Server Version : 50725
 File Encoding         : 65001

 Date: 29/04/2021 19:58:51
*/

SET NAMES utf8mb4;
SET FOREIGN_KEY_CHECKS = 0;

-- ----------------------------
-- Table structure for blog
-- ----------------------------
DROP TABLE IF EXISTS `blog`;
CREATE TABLE `blog`  (
  `id` bigint(20) NOT NULL AUTO_INCREMENT,
  `appreciation` bit(1) NOT NULL,
  `commentabled` bit(1) NOT NULL,
  `content` text CHARACTER SET utf8 COLLATE utf8_bin NULL,
  `create_time` datetime(6) NULL DEFAULT NULL,
  `description` varchar(255) CHARACTER SET utf8 COLLATE utf8_bin NULL DEFAULT NULL,
  `first_picture` varchar(255) CHARACTER SET utf8 COLLATE utf8_bin NULL DEFAULT NULL,
  `flag` varchar(255) CHARACTER SET utf8 COLLATE utf8_bin NULL DEFAULT NULL,
  `published` bit(1) NOT NULL,
  `recommend` bit(1) NOT NULL,
  `share_statement` bit(1) NOT NULL,
  `title` varchar(255) CHARACTER SET utf8 COLLATE utf8_bin NULL DEFAULT NULL,
  `update_time` datetime(6) NULL DEFAULT NULL,
  `views` int(11) NULL DEFAULT NULL,
  `type_id` bigint(20) NULL DEFAULT NULL,
  `user_id` bigint(20) NULL DEFAULT NULL,
  PRIMARY KEY (`id`) USING BTREE,
  INDEX `FKpk1w92t3gjjrk7wich8n3urp9`(`type_id`) USING BTREE,
  INDEX `FKpxk2jtysqn41oop7lvxcp6dqq`(`user_id`) USING BTREE,
  CONSTRAINT `FKpk1w92t3gjjrk7wich8n3urp9` FOREIGN KEY (`type_id`) REFERENCES `type` (`id`) ON DELETE RESTRICT ON UPDATE RESTRICT,
  CONSTRAINT `FKpxk2jtysqn41oop7lvxcp6dqq` FOREIGN KEY (`user_id`) REFERENCES `user` (`id`) ON DELETE RESTRICT ON UPDATE RESTRICT
) ENGINE = InnoDB AUTO_INCREMENT = 36 CHARACTER SET = utf8 COLLATE = utf8_bin ROW_FORMAT = Dynamic;

-- ----------------------------
-- Records of blog
-- ----------------------------
INSERT INTO `blog` VALUES (1, b'0', b'1', '1、静态数据成员\r\n     如果想在同类的多个对象之间实现数据共享，也不要用全局对象，可以用静态数据。静态数据是一种特殊的数据成员，用关键字static开头：\r\n\r\n如果希望个对象中的数据成员的值是一样的，就可以将它定义为静态数据成员，这样它就是所有对象共享的，所有的对象都可以引用它。引用时要加上成员运算符“.”\r\n\r\n	注意：（1）.静态数据成员不属于任何一个对象，在对象分配空间中不包含静态数据成员的所占空间，静态数据成员独立开辟空间，只要在类中指定了静态数据成员，即使不定义对象，静态数据成员也会分配空间，也可以被引用。一个类中可以有多个静态成员。\r\n\r\n		（2）.静态成员不随对象的建立而分配空间，也不随对象的撤销而释放。静态数据成员是在程序开始运行时被分配空间，到程序结束时释放空间。\r\n\r\n		（3）.静态数据成员可以初始化，但只能在类外进行初始化： 数据类型  类名  ：：静态数据成员名=初值\r\n\r\n		例如  int   Box ：：height=10\r\n\r\n		（4）.静态数据成员可以通过对象名引用，也可通过类名使用。\r\n2、静态成员函数\r\n\r\n      同静态数据成员一样，成员函数也可以是静态的，在声明函数时加上关键字static即可。静态成员函数是类的一部分，不是对象的部分，如果在类外调用公用的静态函数，要用类名和域运算符“：：”。\r\n\r\n      与静态数据不同，静态成员函数不是为了对象之间的共享和沟通，而是为了能处理静态数据成员，静态成员函数没有this指针，由此决定静态成员函数不能访问本类中的非静态成员。\r\n\r\n      静态成员函数可以直接引用本类中的静态成员，静态成员函数主要用来访问静态数据成员，而不访问非静态成员。', '2021-04-02 00:55:08.241000', 'test', '/images/background.jpg', '原创', b'0', b'1', b'0', '静态成员', '2021-04-12 00:49:53.886000', 155, 1, 7);
INSERT INTO `blog` VALUES (2, b'0', b'0', '', '2019-04-03 18:01:00.221000', NULL, '/images/background-2.jpg', NULL, b'1', b'1', b'0', '测试', '2020-04-03 18:00:47.405000', NULL, 1, 7);
INSERT INTO `blog` VALUES (4, b'0', b'0', '测试', '2021-04-03 23:00:11.540000', '一名女性在示威活动中被逮捕。图源：英国《每日邮报》\r\n\r\n伦敦大都会警察局随后发布声明称，“当天在伦敦发生的示威活动中，大多数人都试图遵守社交隔离规定，只有小部分人在议会广场阻塞道路。现场警察对其进行劝退，以便重新恢复道路交通。”\r\n一男子在示威活动中手持红色烟雾弹。图源：英国《每日邮报》\r\n\r\n\r\n\r\n\r\n\r\n尽管新冠防疫封锁措施仍在执行，但3日的抗议活动除了在伦敦以外，在纽卡斯尔、伯明翰的一名女', '/images/background.jpg', '原创', b'1', b'1', b'0', '测试', '2021-04-04 17:05:06.818000', 12, 1, 7);
INSERT INTO `blog` VALUES (5, b'0', b'0', '', '2019-04-03 18:01:06.137000', NULL, '/images/background-1.jpg', NULL, b'1', b'1', b'0', '测试', '2018-04-03 18:02:05.800000', NULL, 1, 7);
INSERT INTO `blog` VALUES (6, b'0', b'0', '测试', '2021-04-03 23:00:11.540000', '测试', '/images/background-1.jpg', '原创', b'0', b'1', b'0', '测试', '2021-04-12 00:50:00.704000', 20, 1, 7);
INSERT INTO `blog` VALUES (7, b'0', b'0', '测试', '2021-04-03 23:00:11.540000', '测试', '/images/background-1.jpg', NULL, b'0', b'1', b'0', '测试', '2021-04-03 23:00:11.540000', 5, 1, 7);
INSERT INTO `blog` VALUES (8, b'0', b'1', '1、静态数据成员\r\n     如果想在同类的多个对象之间实现数据共享，也不要用全局对象，可以用静态数据。静态数据是一种特殊的数据成员，用关键字static开头：\r\n\r\n如果希望个对象中的数据成员的值是一样的，就可以将它定义为静态数据成员，这样它就是所有对象共享的，所有的对象都可以引用它。引用时要加上成员运算符“.”\r\n\r\n	注意：（1）.静态数据成员不属于任何一个对象，在对象分配空间中不包含静态数据成员的所占空间，静态数据成员独立开辟空间，只要在类中指定了静态数据成员，即使不定义对象，静态数据成员也会分配空间，也可以被引用。一个类中可以有多个静态成员。\r\n\r\n		（2）.静态成员不随对象的建立而分配空间，也不随对象的撤销而释放。静态数据成员是在程序开始运行时被分配空间，到程序结束时释放空间。\r\n\r\n		（3）.静态数据成员可以初始化，但只能在类外进行初始化： 数据类型  类名  ：：静态数据成员名=初值\r\n\r\n		例如  int   Box ：：height=10\r\n\r\n		（4）.静态数据成员可以通过对象名引用，也可通过类名使用。\r\n2、静态成员函数\r\n\r\n      同静态数据成员一样，成员函数也可以是静态的，在声明函数时加上关键字static即可。静态成员函数是类的一部分，不是对象的部分，如果在类外调用公用的静态函数，要用类名和域运算符“：：”。\r\n\r\n      与静态数据不同，静态成员函数不是为了对象之间的共享和沟通，而是为了能处理静态数据成员，静态成员函数没有this指针，由此决定静态成员函数不能访问本类中的非静态成员。\r\n\r\n      静态成员函数可以直接引用本类中的静态成员，静态成员函数主要用来访问静态数据成员，而不访问非静态成员。', '2021-04-02 00:55:08.241000', 'test', '/images/background-1.jpg', '原创', b'0', b'1', b'0', '静态成员', '2021-04-12 00:49:43.947000', 158, 1, 7);
INSERT INTO `blog` VALUES (9, b'0', b'0', '', '2020-04-03 18:01:09.490000', NULL, '/images/background-2.jpg', NULL, b'1', b'1', b'0', '测试', '2019-04-03 18:02:11.099000', NULL, 1, 7);
INSERT INTO `blog` VALUES (10, b'0', b'0', '测试', '2021-04-03 23:00:11.540000', '测试', '/images/background-2.jpg', NULL, b'0', b'1', b'0', '测试', '2021-04-03 23:00:11.540000', 16, 1, 7);
INSERT INTO `blog` VALUES (11, b'0', b'0', '测试', '2021-04-03 23:00:11.540000', '测试', '/images/background-1.jpg', NULL, b'0', b'1', b'0', '测试', '2021-04-03 23:00:11.540000', 1, 1, 7);
INSERT INTO `blog` VALUES (12, b'0', b'0', '', '2020-04-03 18:01:12.752000', NULL, '/images/background.jpg', NULL, b'1', b'1', b'0', '测试', '2020-04-03 18:02:13.911000', NULL, 1, 7);
INSERT INTO `blog` VALUES (13, b'0', b'0', '测试', '2021-04-03 23:00:11.540000', '测试', '/images/background-2.jpg', NULL, b'0', b'1', b'0', '测试', '2021-04-03 23:00:11.540000', 17, 1, 7);
INSERT INTO `blog` VALUES (14, b'0', b'0', '测试', '2021-04-03 23:00:11.540000', '测试', '/images/background-2.jpg', NULL, b'0', b'1', b'0', '测试', '2021-04-03 23:00:11.540000', 2, 1, 7);
INSERT INTO `blog` VALUES (15, b'0', b'1', '1、静态数据成员\r\n     如果想在同类的多个对象之间实现数据共享，也不要用全局对象，可以用静态数据。静态数据是一种特殊的数据成员，用关键字static开头：\r\n\r\n如果希望个对象中的数据成员的值是一样的，就可以将它定义为静态数据成员，这样它就是所有对象共享的，所有的对象都可以引用它。引用时要加上成员运算符“.”\r\n\r\n	注意：（1）.静态数据成员不属于任何一个对象，在对象分配空间中不包含静态数据成员的所占空间，静态数据成员独立开辟空间，只要在类中指定了静态数据成员，即使不定义对象，静态数据成员也会分配空间，也可以被引用。一个类中可以有多个静态成员。\r\n\r\n		（2）.静态成员不随对象的建立而分配空间，也不随对象的撤销而释放。静态数据成员是在程序开始运行时被分配空间，到程序结束时释放空间。\r\n\r\n		（3）.静态数据成员可以初始化，但只能在类外进行初始化： 数据类型  类名  ：：静态数据成员名=初值\r\n\r\n		例如  int   Box ：：height=10\r\n\r\n		（4）.静态数据成员可以通过对象名引用，也可通过类名使用。\r\n2、静态成员函数\r\n\r\n      同静态数据成员一样，成员函数也可以是静态的，在声明函数时加上关键字static即可。静态成员函数是类的一部分，不是对象的部分，如果在类外调用公用的静态函数，要用类名和域运算符“：：”。\r\n\r\n      与静态数据不同，静态成员函数不是为了对象之间的共享和沟通，而是为了能处理静态数据成员，静态成员函数没有this指针，由此决定静态成员函数不能访问本类中的非静态成员。\r\n\r\n      静态成员函数可以直接引用本类中的静态成员，静态成员函数主要用来访问静态数据成员，而不访问非静态成员。', '2021-04-02 00:55:08.241000', 'test', '/images/background-1.jpg', NULL, b'1', b'1', b'1', '静态成员', '2021-04-03 18:46:09.250000', 131, 1, 1);
INSERT INTO `blog` VALUES (16, b'0', b'0', '', '2020-04-03 18:01:16.206000', NULL, '/images/background.jpg', NULL, b'1', b'1', b'0', '测试', '2018-04-03 18:02:18.599000', NULL, 1, 7);
INSERT INTO `blog` VALUES (17, b'0', b'0', '测试', '2021-04-03 23:00:11.540000', '测试', '/images/background.jpg', NULL, b'0', b'1', b'0', '测试', '2021-04-03 23:00:11.540000', 16, 1, 7);
INSERT INTO `blog` VALUES (18, b'0', b'0', '测试', '2021-04-03 23:00:11.540000', '测试', '/images/background-2.jpg', NULL, b'0', b'1', b'0', '测试', '2021-04-03 23:00:11.540000', 1, 1, 7);
INSERT INTO `blog` VALUES (19, b'0', b'0', '', '2018-04-03 18:01:21.106000', NULL, '/images/background-2.jpg', NULL, b'1', b'1', b'0', '测试', '2019-04-03 18:02:22.285000', NULL, 1, 7);
INSERT INTO `blog` VALUES (20, b'0', b'0', '测试', '2021-04-03 23:00:11.540000', '测试', '/images/background-2.jpg', NULL, b'0', b'1', b'0', '测试', '2021-04-03 23:00:11.540000', 16, 1, 7);
INSERT INTO `blog` VALUES (21, b'0', b'0', '测试', '2021-04-03 23:00:11.540000', '测试', '/images/background.jpg', NULL, b'0', b'1', b'0', '测试', '2021-04-03 23:00:11.540000', 1, 1, 7);
INSERT INTO `blog` VALUES (22, b'0', b'1', 'adsf', '2021-04-11 18:13:48.775000', 'dsfdsaf', '/images/background-2.jpg', '原创', b'0', b'1', b'0', '这是测试', '2021-04-13 23:39:04.233000', 7, 1, 1);
INSERT INTO `blog` VALUES (23, b'0', b'1', '传递数', '2021-04-12 00:39:29.189000', '都是', '/images/background.jpg', '原创', b'0', b'0', b'0', '查重', '2021-04-12 00:47:22.859000', 1, 1, 7);
INSERT INTO `blog` VALUES (24, b'0', b'1', '## 8锁即8个关于锁执行顺序的问题\r\n\r\n解决问题前，首先需要明白的是 synchronized 只会锁两样东西，一样是调用的对象，一样是Class\r\n\r\n#### 问题一：两个普通的锁方法，new一个对象调用，调用过程中间睡1秒，执行结果是什么\r\n```java\r\npublic class Test {\r\n    public static void main(String[] args) throws InterruptedException {\r\n        Fun fun = new Fun();\r\n        new Thread(()->{fun.funOne();},\"A线程\").start();\r\n        TimeUnit.SECONDS.sleep(1);\r\n        new Thread(()->{fun.funTwo();},\"B线程\").start();\r\n    }\r\n}\r\n\r\nclass Fun{\r\n    public synchronized void funOne(){\r\n        System.out.println(Thread.currentThread().getName()+\":调用方法一\");\r\n    }\r\n    public synchronized void funTwo(){\r\n        System.out.println(Thread.currentThread().getName()+\":调用方法二\");\r\n    }\r\n}\r\n```\r\n判断执行顺序，先判断什么被锁了，这里synchronized锁的是Fun对象new出来的fun，因为先调用了funOne睡1秒后调用的funTwo，funTwo需要等到funOne释放锁后才会执行\r\n\r\n最终执行结果是：A线程:调用方法一   B线程:调用方法二\r\n\r\n#### 问题二：两个普通的锁方法，new一个对象调用，调用过程中间睡1秒，且在funOne方法中睡3秒，执行结果是什么\r\n```java\r\npublic class Test {\r\n    public static void main(String[] args) throws InterruptedException {\r\n        Fun fun = new Fun();\r\n        new Thread(()->{\r\n            try {  fun.funOne();  } catch (InterruptedException e) {  e.printStackTrace();  }\r\n        },\"A线程\").start();\r\n        TimeUnit.SECONDS.sleep(1);\r\n        new Thread(()->{fun.funTwo();},\"B线程\").start();\r\n    }\r\n}\r\nclass Fun{\r\n    public synchronized void funOne() throws InterruptedException {\r\n        TimeUnit.SECONDS.sleep(3);\r\n        System.out.println(Thread.currentThread().getName()+\":调用方法一\");\r\n    }\r\n    public synchronized void funTwo(){\r\n        System.out.println(Thread.currentThread().getName()+\":调用方法二\");\r\n    }\r\n}\r\n```\r\n该情况其实和问题一 一样，synchronized锁的是Fun对象new出来的fun，当调用funOne时，fun被锁，而程序不受funOne内睡的影响继续执行，在调用funTwo的时候因为fun被锁导致等待，当funOne执行完后funTwo瞬间执行\r\n\r\n最终执行结果是：3 秒后同时出现 A线程:调用方法一   B线程:调用方法二\r\n\r\n#### 问题三：一个普通的锁方法，一个普通无锁方法，new一个对象调用，在funOne方法中睡3秒，执行结果是什么\r\n```java\r\npublic class Test {\r\n    public static void main(String[] args) throws InterruptedException {\r\n        Fun fun = new Fun();\r\n        new Thread(()->{\r\n            try {  fun.funOne();  } catch (InterruptedException e) {  e.printStackTrace();  }\r\n        },\"A线程\").start();\r\n        TimeUnit.SECONDS.sleep(1);\r\n        new Thread(()->{fun.funTwo();},\"B线程\").start();\r\n    }\r\n}\r\nclass Fun{\r\n    public synchronized void funOne() throws InterruptedException {\r\n        TimeUnit.SECONDS.sleep(3);\r\n        System.out.println(Thread.currentThread().getName()+\":调用方法一\");\r\n    }\r\n    public void funTwo(){\r\n        System.out.println(Thread.currentThread().getName()+\":调用方法二\");\r\n    }\r\n}\r\n```\r\n程序执行在funOne中锁了fun并在方法中睡3秒，外部在睡1秒后调用funTwo，因为无锁因此直接执行\r\n\r\n最终执行结果是：1 秒后出现B线程:调用方法二 再2秒后出现 A线程:调用方法一  \r\n\r\n#### 问题四：两个普通的锁方法，new两个对象分别调用，在funOne方法中睡3秒，执行结果是什么\r\n```java\r\npublic class Test {\r\n    public static void main(String[] args) throws InterruptedException {\r\n        Fun fun1 = new Fun();\r\n        Fun fun2 = new Fun();\r\n        new Thread(()->{\r\n            try {  fun1.funOne();  } catch (InterruptedException e) {  e.printStackTrace();  }\r\n        },\"A线程\").start();\r\n        TimeUnit.SECONDS.sleep(1);\r\n        new Thread(()->{fun2.funTwo();},\"B线程\").start();\r\n    }\r\n}\r\nclass Fun{\r\n    public synchronized void funOne() throws InterruptedException {\r\n        TimeUnit.SECONDS.sleep(3);\r\n        System.out.println(Thread.currentThread().getName()+\":调用方法一\");\r\n    }\r\n    public synchronized void funTwo(){\r\n        System.out.println(Thread.currentThread().getName()+\":调用方法二\");\r\n    }\r\n}\r\n```\r\n程序调用funOne时锁住fun1，外部睡1秒后调用funTwo时锁funTwo，互不影响\r\n\r\n最终执行结果是：B线程:调用方法二   A线程:调用方法一\r\n\r\n#### 问题五：两个静态的锁方法，new一个对象调用，在funOne方法中睡3秒，执行结果是什么\r\n```java\r\npublic class Test {\r\n    public static void main(String[] args) throws InterruptedException {\r\n        Fun fun = new Fun();\r\n        new Thread(()->{\r\n            try {  fun.funOne();  } catch (InterruptedException e) {  e.printStackTrace();  }\r\n        },\"A线程\").start();\r\n        TimeUnit.SECONDS.sleep(1);\r\n        new Thread(()->{fun.funTwo();},\"B线程\").start();\r\n    }\r\n}\r\nclass Fun{\r\n    public static synchronized void funOne() throws InterruptedException {\r\n        TimeUnit.SECONDS.sleep(3);\r\n        System.out.println(Thread.currentThread().getName()+\":调用方法一\");\r\n    }\r\n    public static synchronized void funTwo(){\r\n        System.out.println(Thread.currentThread().getName()+\":调用方法二\");\r\n    }\r\n}\r\n```\r\n这里多了静态static，因此此时锁的东西改变了，funOne和funTwo都是锁的Fun这个class，程序在执行funOne时锁住Fun class，睡1秒后调用funTwo，funTwo等待funOne内睡完释放锁后再执行\r\n\r\n最终执行结果是：A线程:调用方法一   B线程:调用方法二\r\n\r\n#### 问题六：两个静态的锁方法，new两个对象分别调用，在funOne方法中睡3秒，执行结果是什么\r\n```java\r\npublic class Test {\r\n    public static void main(String[] args) throws InterruptedException {\r\n        Fun fun1 = new Fun();\r\n        Fun fun2 = new Fun();\r\n        new Thread(()->{\r\n            try {  fun1.funOne();  } catch (InterruptedException e) {  e.printStackTrace();  }\r\n        },\"A线程\").start();\r\n        TimeUnit.SECONDS.sleep(1);\r\n        new Thread(()->{fun2.funTwo();},\"B线程\").start();\r\n    }\r\n}\r\nclass Fun{\r\n    public static synchronized void funOne() throws InterruptedException {\r\n        TimeUnit.SECONDS.sleep(3);\r\n        System.out.println(Thread.currentThread().getName()+\":调用方法一\");\r\n    }\r\n    public static synchronized void funTwo(){\r\n        System.out.println(Thread.currentThread().getName()+\":调用方法二\");\r\n    }\r\n}\r\n```\r\n要注意的是，不管现在new结果对象，调用方法后锁的都是Fun class，funTwo会被funOne阻塞\r\n\r\n最终执行结果是：A线程:调用方法一   B线程:调用方法二\r\n\r\n#### 问题七：一个静态的锁方法，一个普通锁方法，new一个对象调用，在funOne方法中睡3秒，执行结果是什么\r\n```java\r\npublic class Test {\r\n    public static void main(String[] args) throws InterruptedException {\r\n        Fun fun = new Fun();\r\n        new Thread(()->{\r\n            try {  fun.funOne();  } catch (InterruptedException e) {  e.printStackTrace();  }\r\n        },\"A线程\").start();\r\n        TimeUnit.SECONDS.sleep(1);\r\n        new Thread(()->{fun.funTwo();},\"B线程\").start();\r\n    }\r\n}\r\nclass Fun{\r\n    public static synchronized void funOne() throws InterruptedException {\r\n        TimeUnit.SECONDS.sleep(3);\r\n        System.out.println(Thread.currentThread().getName()+\":调用方法一\");\r\n    }\r\n    public synchronized void funTwo(){\r\n        System.out.println(Thread.currentThread().getName()+\":调用方法二\");\r\n    }\r\n}\r\n```\r\n同样只要确认锁的是不是一个东西就知道会不会阻塞，调用funOne时阻塞的是Fun class，调用funTwo时阻塞的是fun\r\n\r\n最终执行结果是：B线程:调用方法二   A线程:调用方法一\r\n\r\n#### 问题八：一个静态的锁方法，一个普通锁方法，new两个对象分别调用，在funOne方法中睡3秒，执行结果是什么\r\n```java\r\npublic class Test {\r\n    public static void main(String[] args) throws InterruptedException {\r\n        Fun fun1 = new Fun();\r\n        Fun fun2 = new Fun();\r\n        new Thread(()->{\r\n            try {  fun1.funOne();  } catch (InterruptedException e) {  e.printStackTrace();  }\r\n        },\"A线程\").start();\r\n        TimeUnit.SECONDS.sleep(1);\r\n        new Thread(()->{fun2.funTwo();},\"B线程\").start();\r\n    }\r\n}\r\nclass Fun{\r\n    public static synchronized void funOne() throws InterruptedException {\r\n        TimeUnit.SECONDS.sleep(3);\r\n        System.out.println(Thread.currentThread().getName()+\":调用方法一\");\r\n    }\r\n    public synchronized void funTwo(){\r\n        System.out.println(Thread.currentThread().getName()+\":调用方法二\");\r\n    }\r\n}\r\n```\r\n解题跟问题七一致，调用funOne时阻塞的是Fun class，调用funTwo时阻塞的是fun2\r\n\r\n##### 最终执行结果是：B线程:调用方法二   A线程:调用方法一\r\n转载自：[https://blog.csdn.net/qq_31748587/article/details/105498566](https://blog.csdn.net/qq_31748587/article/details/105498566 \"https://blog.csdn.net/qq_31748587/article/details/105498566\")', '2021-04-13 21:11:48.236000', 'java多线程、Java八锁问题详解。8锁即8个关于锁执行顺序的问题。\r\n解决问题前，首先需要明白的是 synchronized 只会锁两样东西，一样是调用的对象，一样是Class', '/images/java-logo.png', '转载', b'1', b'1', b'0', 'java的八锁问题详述', '2021-04-13 23:47:47.690000', 34, 2, 1);
INSERT INTO `blog` VALUES (25, b'0', b'1', '### Java中的锁分类\r\n在读很多并发文章中，会提及各种各样锁如公平锁，乐观锁等等，这篇文章介绍各种锁的分类。介绍的内容如下：\r\n- 公平锁/非公平锁\r\n- 可重入锁\r\n- 独享锁/共享锁\r\n- 互斥锁/读写锁\r\n- 乐观锁/悲观锁\r\n- 分段锁\r\n- 偏向锁/轻量级锁/重量级锁\r\n- 自旋锁\r\n\r\n上面是很多锁的名词，这些分类并不是全是指锁的状态，有的指锁的特性，有的指锁的设计，下面总结的内容是对每个锁的名词进行一定的解释。\r\n\r\n#### 公平锁/非公平锁\r\n公平锁是指多个线程按照申请锁的顺序来获取锁。\r\n非公平锁是指多个线程获取锁的顺序并不是按照申请锁的顺序，有可能后申请的线程比先申请的线程优先获取锁。有可能，会造成优先级反转或者饥饿现象。\r\n对于Java ReentrantLock而言，通过构造函数指定该锁是否是公平锁，默认是非公平锁。非公平锁的优点在于吞吐量比公平锁大。\r\n对于Synchronized而言，也是一种非公平锁。由于其并不像ReentrantLock是通过AQS的来实现线程调度，所以并没有任何办法使其变成公平锁。\r\n\r\n#### 可重入锁\r\n可重入锁又名递归锁，是指在同一个线程在外层方法获取锁的时候，在进入内层方法会自动获取锁。说的有点抽象，下面会有一个代码的示例。\r\n对于Java ReentrantLock而言, 他的名字就可以看出是一个可重入锁，其名字是Re entrant Lock重新进入锁。\r\n对于Synchronized而言,也是一个可重入锁。可重入锁的一个好处是可一定程度避免死锁。\r\n```java\r\nsynchronized void setA() throws Exception{\r\n	Thread.sleep(1000);\r\n	setB();\r\n}\r\nsynchronized void setB() throws Exception{\r\n	Thread.sleep(1000);\r\n}\r\n```\r\n上面的代码就是一个可重入锁的一个特点，如果不是可重入锁的话，setB可能不会被当前线程执行，可能造成死锁。\r\n\r\n#### 独享锁/共享锁\r\n独享锁是指该锁一次只能被一个线程所持有。\r\n共享锁是指该锁可被多个线程所持有。\r\n\r\n对于Java ReentrantLock而言，其是独享锁。但是对于Lock的另一个实现类ReadWriteLock，其读锁是共享锁，其写锁是独享锁。\r\n读锁的共享锁可保证并发读是非常高效的，读写，写读 ，写写的过程是互斥的。\r\n独享锁与共享锁也是通过AQS来实现的，通过实现不同的方法，来实现独享或者共享。\r\n对于Synchronized而言，当然是独享锁。\r\n\r\n#### 互斥锁/读写锁\r\n上面讲的独享锁/共享锁就是一种广义的说法，互斥锁/读写锁就是具体的实现。\r\n互斥锁在Java中的具体实现就是ReentrantLock\r\n读写锁在Java中的具体实现就是ReadWriteLock\r\n\r\n#### 乐观锁/悲观锁\r\n乐观锁与悲观锁不是指具体的什么类型的锁，而是指看待并发同步的角度。\r\n悲观锁认为对于同一个数据的并发操作，一定是会发生修改的，哪怕没有修改，也会认为修改。因此对于同一个数据的并发操作，悲观锁采取加锁的形式。悲观的认为，不加锁的并发操作一定会出问题。\r\n乐观锁则认为对于同一个数据的并发操作，是不会发生修改的。在更新数据的时候，会采用尝试更新，不断重新的方式更新数据。乐观的认为，不加锁的并发操作是没有事情的。\r\n\r\n从上面的描述我们可以看出，悲观锁适合写操作非常多的场景，乐观锁适合读操作非常多的场景，不加锁会带来大量的性能提升。\r\n悲观锁在Java中的使用，就是利用各种锁。\r\n乐观锁在Java中的使用，是无锁编程，常常采用的是CAS算法，典型的例子就是原子类，通过CAS自旋实现原子操作的更新。\r\n\r\n#### 分段锁\r\n分段锁其实是一种锁的设计，并不是具体的一种锁，对于ConcurrentHashMap而言，其并发的实现就是通过分段锁的形式来实现高效的并发操作。\r\n我们以ConcurrentHashMap来说一下分段锁的含义以及设计思想，ConcurrentHashMap中的分段锁称为Segment，它即类似于HashMap（JDK7与JDK8中HashMap的实现）的结构，即内部拥有一个Entry数组，数组中的每个元素又是一个链表；同时又是一个ReentrantLock（Segment继承了ReentrantLock)。\r\n当需要put元素的时候，并不是对整个hashmap进行加锁，而是先通过hashcode来知道他要放在那一个分段中，然后对这个分段进行加锁，所以当多线程put的时候，只要不是放在一个分段中，就实现了真正的并行的插入。\r\n但是，在统计size的时候，可就是获取hashmap全局信息的时候，就需要获取所有的分段锁才能统计。\r\n分段锁的设计目的是细化锁的粒度，当操作不需要更新整个数组的时候，就仅仅针对数组中的一项进行加锁操作。\r\n\r\n#### 偏向锁/轻量级锁/重量级锁\r\n这三种锁是指锁的状态，并且是针对Synchronized。在Java 5通过引入锁升级的机制来实现高效Synchronized。这三种锁的状态是通过对象监视器在对象头中的字段来表明的。\r\n偏向锁是指一段同步代码一直被一个线程所访问，那么该线程会自动获取锁。降低获取锁的代价。\r\n轻量级锁是指当锁是偏向锁的时候，被另一个线程所访问，偏向锁就会升级为轻量级锁，其他线程会通过自旋的形式尝试获取锁，不会阻塞，提高性能。\r\n重量级锁是指当锁为轻量级锁的时候，另一个线程虽然是自旋，但自旋不会一直持续下去，当自旋一定次数的时候，还没有获取到锁，就会进入阻塞，该锁膨胀为重量级锁。重量级锁会让其他申请的线程进入阻塞，性能降低。\r\n\r\n#### 自旋锁\r\n在Java中，自旋锁是指尝试获取锁的线程不会立即阻塞，而是采用循环的方式去尝试获取锁，这样的好处是减少线程上下文切换的消耗，缺点是循环会消耗CPU。\r\n典型的自旋锁实现的例子，可以参考[自旋锁](http://ifeve.com/java_lock_see1/ \"自旋锁\")的实现\r\n\r\n转载自：[博客园：https://www.cnblogs.com/qifengshi/p/6831055.html](https://www.cnblogs.com/qifengshi/p/6831055.html \"https://www.cnblogs.com/qifengshi/p/6831055.html\")', '2021-04-14 20:00:12.425000', 'Java中的锁分类\r\n在读很多并发文章中，会提及各种各样锁如公平锁，乐观锁等等，这篇文章介绍各种锁的分类。介绍的内容如下：', '/images/java-logo.png', '转载', b'0', b'1', b'0', 'java的八种锁', '2021-04-14 20:01:00.357000', 15, 2, 1);
INSERT INTO `blog` VALUES (26, b'0', b'1', '### 澳洲山火，中国疫情，美国重流感，非洲蝗灾，上帝之手对人类按了暂停键\r\n\r\n有人说2020只过去了一个月，可是我感觉有一个季度那么长。这个月地球似乎被上帝之手按下了暂停键。\r\n\r\n![img-01](http://localhost:8080/images/news/news-01.webp)\r\n\r\n2020年伊始，澳洲山火，中国疫情，美国最严重流感，非洲蝗灾，丹麦禽流感，60万蝙蝠袭击………\r\n\r\n\r\n\r\n### 地球到底这是怎么了？\r\n\r\n澳大利亚持续不断的山林大火，从2019年9月烧到现在，澳大利亚一直动物过剩，一开始当地政府对这场火灾也乐观，根本没当回事，导致被活活烧死的野生动物，考拉，袋鼠，野兔等各种飞禽走兽近10亿只。据当地报道，多个地方均出现大量的蝙蝠涌向澳大利亚的市区，漫天飞舞的蝙蝠使得直升机都无法降落，场面尤为壮观，70万只蝙蝠黑压压一片笼罩在澳大利亚的上空。\r\n\r\n\r\n\r\n美国重流感，CDC发布的最新数据显示，2019－2020流感季（去年9月至今年1月底）中，美国1900万人感染流感，至少1万人死亡，包括68名儿童，预计流感季将持续至5月，而2月将是高峰期。此次流感季将是10年来美国最严重的流感季之一。\r\n\r\n\r\n\r\n非洲蝗灾，在非洲，蝗灾多年来是人民心中挥之不去的噩梦，最大的敌人之一，这段时间东非遭到了不少于3600亿只蝗虫的光顾，而这个数字还是急速上升中。千万人的粮食正在遭受史无前例的危机，蝗虫身影如魔鬼，甚至干扰了航空飞行。这次蝗灾起源于和东非一海之隔的也门，在也门，蝗虫是免费的食物，是改善生活，甚至救命的东西。往年的零星蝗虫刚好能满足也门吃货的需求，然而，今年的这个蝗虫简直是完全超出也门人民的能力范围。\r\n\r\n\r\n\r\n无论是当年的非典，还是眼下的肺炎疫情，可以说都是人类自作自受，被大自然报复的下场。\r\n\r\n![img-01](http://localhost:8080/images/news/news-02.webp)\r\n\r\n\r\n#### <font color=red>上帝之手，在2020伊始，按下了暂停键，等着人类重新再次思考人与自然，人与动物，人与病毒的关系甚至人与人的关系。</font>\r\n\r\n\r\n\r\n病毒、蚊子、老鼠、蝙蝠，和人类打交道几千年了，人类一直想彻底完结终结他们的小命，想让他们从“动物世界”中消失，不仅没能得逞，反而被他们一次次反扑，好几次差点终结了人类。他们存在的目的就是为了被人类“干掉”，却不料“黑死病”差点横扫了欧洲，蚊子差点毁了全人类，非典和这次的新冠状病毒，威力也不容小觑。\r\n\r\n\r\n\r\n阿尔贝·加缪还写了一本《鼠疫》，后来我们说的“除四害”，是老鼠、蚊子、苍蝇、蟑螂，除到今天，依旧还有他们的踪影。无论人们怎么使用农药、杀虫剂，每年的灾难依然泛滥，从古至今人类都希望能消灭的蝗灾鼠疫蚊子传播，却丝毫没有被消除。他们从来没有被战胜过，它们反而因为人类一次又一次的攻击变得越来越具有抗体。\r\n\r\n![img-01](http://localhost:8080/images/news/news-03.webp)\r\n\r\n\r\n\r\n突然想到这个有点“荒谬”的问题？比如病毒把人类搞死了，自己也死了，它的目的是什么？病毒存货几亿年，人类还没出现来，病毒就存在了，有没有这种可能性，地球其实是一个生命体，人类是癌细胞，病毒是生命体吃的抗癌药物。地球上各种灾害都是地球在服药，杀死人类癌细胞，退一步说即使人类灭亡了，病毒依然存在。\r\n\r\n\r\n\r\n#### <font color=red>人类只是病毒的宿主，就像地球是人类的宿主一样，所以人类要保护地球，否则必将被地球报复。</font>\r\n\r\n\r\n\r\n而我们要做的，不仅要管住自己的嘴，少吃野味，不去人为破坏自然界中的生物链，也要保护好它们赖以生存的环境和家园，它们能够“安居乐业”，我们才能岁月静好。上帝可以按下暂停键，可生命却没有倒退键，世人的眼睛是雪亮的，地狱空荡荡，魔鬼在人间，地球妈妈有时也会抱怨，承载不了生命不能承载之重。突如其来的病毒只是地球给我们人类的警告，人类过的太安逸太自由了，忘了什么该吃，什么不该吃，为了一己私欲破坏开采地球在主持人大赛中。\r\n\r\n\r\n\r\n在主持人大赛中，董卿说到人和人、和自然、和万物的关系时，说了这么一句话： \r\n\r\n\r\n\r\n枪响之后，没有赢家。 \r\n\r\n\r\n\r\n因为，伤害一旦蔓延，无人能够幸免，包括最先扣动扳机的那个人。\r\n\r\n\r\n\r\n所以，疫情中，撒谎的人，撒的不仅是谎，还是害人的病毒。 \r\n\r\n\r\n\r\n他们不仅触犯了法律，还是所有抗疫者的敌人。\r\n\r\n\r\n\r\n他们不仅是移动的病原体，还是杀人的刽子手。\r\n\r\n\r\n\r\n我们人类应该开始节约资源，爱护地球，保护环境，美好生活从良好的生活习惯开始，或许才能远离，减少病毒的危害。\r\n\r\n\r\n', '2021-04-26 22:21:28.769000', '新闻模仿', '/images/news/news-01.webp', '原创', b'0', b'1', b'0', '新闻', '2021-04-26 22:30:12.936000', 10, 5, 1);
INSERT INTO `blog` VALUES (27, b'0', b'0', 'sfadafffffffffffffffffffffff', '2021-04-26 23:30:20.588000', 'adfafdafaf', '', '原创', b'1', b'0', b'0', '新闻', '2021-04-26 23:30:20.588000', 0, 4, 1);
INSERT INTO `blog` VALUES (28, b'0', b'0', '阿斯顿发发打赏', '2021-04-26 23:42:09.906000', 'sadfsa\'d\'f', '', '原创', b'0', b'0', b'0', 'sa\'d\'f', '2021-04-26 23:42:09.906000', 0, 5, 1);
INSERT INTO `blog` VALUES (29, b'0', b'0', '是否', '2021-04-26 23:43:23.931000', 'afdadfaf', '', '原创', b'0', b'0', b'0', 'sdafaf', '2021-04-26 23:43:23.931000', 1, 1, 1);
INSERT INTO `blog` VALUES (30, b'0', b'0', 'adfafafdaf', '2021-04-26 23:44:45.186000', 'sadfaf', '', '原创', b'1', b'0', b'0', 'adfaff', '2021-04-26 23:44:45.186000', 0, 5, 1);
INSERT INTO `blog` VALUES (31, b'0', b'0', 'adfaf', '2021-04-26 23:45:57.221000', 'adfadf', '', '原创', b'1', b'0', b'0', 'asdfaf', '2021-04-26 23:45:57.221000', 0, 5, 1);
INSERT INTO `blog` VALUES (32, b'0', b'0', 'sdfa', '2021-04-26 23:47:15.048000', '4343', '', '原创', b'0', b'0', b'0', '232', '2021-04-26 23:47:15.048000', 0, 5, 1);
INSERT INTO `blog` VALUES (33, b'0', b'0', 'fdafaf', '2021-04-26 23:47:43.278000', 'adfaf', '', '原创', b'0', b'0', b'0', 'adfaf', '2021-04-26 23:47:43.278000', 0, 6, 1);
INSERT INTO `blog` VALUES (34, b'0', b'0', 'afda', '2021-04-26 23:48:53.440000', 'adfa', '', '原创', b'1', b'0', b'0', 'adfa', '2021-04-26 23:48:53.440000', 0, 6, 1);
INSERT INTO `blog` VALUES (35, b'0', b'0', 'adfa', '2021-04-26 23:49:23.702000', 'adfaf', '', '原创', b'1', b'0', b'0', 'adfaf', '2021-04-26 23:49:23.702000', 0, 3, 1);

-- ----------------------------
-- Table structure for blog_tags
-- ----------------------------
DROP TABLE IF EXISTS `blog_tags`;
CREATE TABLE `blog_tags`  (
  `blogs_id` bigint(20) NOT NULL,
  `tags_id` bigint(20) NOT NULL,
  INDEX `FKmw8u76fxjdexf049slt8qds7k`(`tags_id`) USING BTREE,
  INDEX `FKti2koe4o5wgd9bw1unuxwsby4`(`blogs_id`) USING BTREE,
  CONSTRAINT `FKmw8u76fxjdexf049slt8qds7k` FOREIGN KEY (`tags_id`) REFERENCES `tag` (`id`) ON DELETE RESTRICT ON UPDATE RESTRICT,
  CONSTRAINT `FKti2koe4o5wgd9bw1unuxwsby4` FOREIGN KEY (`blogs_id`) REFERENCES `blog` (`id`) ON DELETE RESTRICT ON UPDATE RESTRICT
) ENGINE = InnoDB CHARACTER SET = utf8 COLLATE = utf8_bin ROW_FORMAT = Dynamic;

-- ----------------------------
-- Records of blog_tags
-- ----------------------------
INSERT INTO `blog_tags` VALUES (1, 1);
INSERT INTO `blog_tags` VALUES (22, 1);
INSERT INTO `blog_tags` VALUES (22, 2);
INSERT INTO `blog_tags` VALUES (24, 1);
INSERT INTO `blog_tags` VALUES (24, 2);
INSERT INTO `blog_tags` VALUES (25, 1);
INSERT INTO `blog_tags` VALUES (25, 2);
INSERT INTO `blog_tags` VALUES (26, 1);
INSERT INTO `blog_tags` VALUES (26, 2);

-- ----------------------------
-- Table structure for comment
-- ----------------------------
DROP TABLE IF EXISTS `comment`;
CREATE TABLE `comment`  (
  `id` bigint(20) NOT NULL AUTO_INCREMENT,
  `admin_comment` bit(1) NOT NULL,
  `avatar` varchar(255) CHARACTER SET utf8 COLLATE utf8_bin NULL DEFAULT NULL,
  `content` varchar(255) CHARACTER SET utf8 COLLATE utf8_bin NULL DEFAULT NULL,
  `create_time` datetime(6) NULL DEFAULT NULL,
  `email` varchar(255) CHARACTER SET utf8 COLLATE utf8_bin NULL DEFAULT NULL,
  `nickname` varchar(255) CHARACTER SET utf8 COLLATE utf8_bin NULL DEFAULT NULL,
  `blog_id` bigint(20) NULL DEFAULT NULL,
  `parent_comment_id` bigint(20) NULL DEFAULT NULL,
  PRIMARY KEY (`id`) USING BTREE,
  INDEX `FKkap39f76wn135k7ru564fbjb7`(`blog_id`) USING BTREE,
  INDEX `FKhvh0e2ybgg16bpu229a5teje7`(`parent_comment_id`) USING BTREE,
  CONSTRAINT `FKhvh0e2ybgg16bpu229a5teje7` FOREIGN KEY (`parent_comment_id`) REFERENCES `comment` (`id`) ON DELETE RESTRICT ON UPDATE RESTRICT,
  CONSTRAINT `FKkap39f76wn135k7ru564fbjb7` FOREIGN KEY (`blog_id`) REFERENCES `blog` (`id`) ON DELETE RESTRICT ON UPDATE RESTRICT
) ENGINE = InnoDB AUTO_INCREMENT = 3 CHARACTER SET = utf8 COLLATE = utf8_bin ROW_FORMAT = Dynamic;

-- ----------------------------
-- Records of comment
-- ----------------------------
INSERT INTO `comment` VALUES (1, b'1', NULL, 'dsadads', '2021-04-03 18:47:28.039000', '2674046910@qq.com', 'dds', 1, NULL);
INSERT INTO `comment` VALUES (2, b'1', NULL, 'dsf', '2021-04-04 00:27:54.260000', '2674046910@qq.com', 'Ming', 8, NULL);

-- ----------------------------
-- Table structure for news
-- ----------------------------
DROP TABLE IF EXISTS `news`;
CREATE TABLE `news`  (
  `id` bigint(20) NOT NULL AUTO_INCREMENT,
  `commentabled` bit(1) NOT NULL,
  `content` longtext CHARACTER SET utf8 COLLATE utf8_bin NULL,
  `create_time` datetime(0) NULL DEFAULT NULL,
  `description` varchar(255) CHARACTER SET utf8 COLLATE utf8_bin NULL DEFAULT NULL,
  `first_picture` varchar(255) CHARACTER SET utf8 COLLATE utf8_bin NULL DEFAULT NULL,
  `published` bit(1) NOT NULL,
  `title` varchar(255) CHARACTER SET utf8 COLLATE utf8_bin NULL DEFAULT NULL,
  `views` int(11) NULL DEFAULT NULL,
  PRIMARY KEY (`id`) USING BTREE
) ENGINE = InnoDB AUTO_INCREMENT = 6 CHARACTER SET = utf8 COLLATE = utf8_bin ROW_FORMAT = Dynamic;

-- ----------------------------
-- Records of news
-- ----------------------------
INSERT INTO `news` VALUES (1, b'1', '### 澳洲山火，中国疫情，美国重流感，非洲蝗灾，上帝之手对人类按了暂停键\r\n\r\n有人说2020只过去了一个月，可是我感觉有一个季度那么长。这个月地球似乎被上帝之手按下了暂停键。\r\n\r\n![img-01](http://localhost:8080/images/news/news-01.webp)\r\n\r\n2020年伊始，澳洲山火，中国疫情，美国最严重流感，非洲蝗灾，丹麦禽流感，60万蝙蝠袭击………\r\n\r\n\r\n\r\n### 地球到底这是怎么了？\r\n\r\n澳大利亚持续不断的山林大火，从2019年9月烧到现在，澳大利亚一直动物过剩，一开始当地政府对这场火灾也乐观，根本没当回事，导致被活活烧死的野生动物，考拉，袋鼠，野兔等各种飞禽走兽近10亿只。据当地报道，多个地方均出现大量的蝙蝠涌向澳大利亚的市区，漫天飞舞的蝙蝠使得直升机都无法降落，场面尤为壮观，70万只蝙蝠黑压压一片笼罩在澳大利亚的上空。\r\n\r\n\r\n\r\n美国重流感，CDC发布的最新数据显示，2019－2020流感季（去年9月至今年1月底）中，美国1900万人感染流感，至少1万人死亡，包括68名儿童，预计流感季将持续至5月，而2月将是高峰期。此次流感季将是10年来美国最严重的流感季之一。\r\n\r\n\r\n\r\n非洲蝗灾，在非洲，蝗灾多年来是人民心中挥之不去的噩梦，最大的敌人之一，这段时间东非遭到了不少于3600亿只蝗虫的光顾，而这个数字还是急速上升中。千万人的粮食正在遭受史无前例的危机，蝗虫身影如魔鬼，甚至干扰了航空飞行。这次蝗灾起源于和东非一海之隔的也门，在也门，蝗虫是免费的食物，是改善生活，甚至救命的东西。往年的零星蝗虫刚好能满足也门吃货的需求，然而，今年的这个蝗虫简直是完全超出也门人民的能力范围。\r\n\r\n\r\n\r\n无论是当年的非典，还是眼下的肺炎疫情，可以说都是人类自作自受，被大自然报复的下场。\r\n\r\n![img-01](http://localhost:8080/images/news/news-02.webp)\r\n\r\n\r\n#### <font color=red>上帝之手，在2020伊始，按下了暂停键，等着人类重新再次思考人与自然，人与动物，人与病毒的关系甚至人与人的关系。</font>\r\n\r\n\r\n\r\n病毒、蚊子、老鼠、蝙蝠，和人类打交道几千年了，人类一直想彻底完结终结他们的小命，想让他们从“动物世界”中消失，不仅没能得逞，反而被他们一次次反扑，好几次差点终结了人类。他们存在的目的就是为了被人类“干掉”，却不料“黑死病”差点横扫了欧洲，蚊子差点毁了全人类，非典和这次的新冠状病毒，威力也不容小觑。\r\n\r\n\r\n\r\n阿尔贝·加缪还写了一本《鼠疫》，后来我们说的“除四害”，是老鼠、蚊子、苍蝇、蟑螂，除到今天，依旧还有他们的踪影。无论人们怎么使用农药、杀虫剂，每年的灾难依然泛滥，从古至今人类都希望能消灭的蝗灾鼠疫蚊子传播，却丝毫没有被消除。他们从来没有被战胜过，它们反而因为人类一次又一次的攻击变得越来越具有抗体。\r\n\r\n![img-01](http://localhost:8080/images/news/news-03.webp)\r\n\r\n\r\n\r\n突然想到这个有点“荒谬”的问题？比如病毒把人类搞死了，自己也死了，它的目的是什么？病毒存货几亿年，人类还没出现来，病毒就存在了，有没有这种可能性，地球其实是一个生命体，人类是癌细胞，病毒是生命体吃的抗癌药物。地球上各种灾害都是地球在服药，杀死人类癌细胞，退一步说即使人类灭亡了，病毒依然存在。\r\n\r\n\r\n\r\n#### <font color=red>人类只是病毒的宿主，就像地球是人类的宿主一样，所以人类要保护地球，否则必将被地球报复。</font>\r\n\r\n\r\n\r\n而我们要做的，不仅要管住自己的嘴，少吃野味，不去人为破坏自然界中的生物链，也要保护好它们赖以生存的环境和家园，它们能够“安居乐业”，我们才能岁月静好。上帝可以按下暂停键，可生命却没有倒退键，世人的眼睛是雪亮的，地狱空荡荡，魔鬼在人间，地球妈妈有时也会抱怨，承载不了生命不能承载之重。突如其来的病毒只是地球给我们人类的警告，人类过的太安逸太自由了，忘了什么该吃，什么不该吃，为了一己私欲破坏开采地球在主持人大赛中。\r\n\r\n\r\n\r\n在主持人大赛中，董卿说到人和人、和自然、和万物的关系时，说了这么一句话： \r\n\r\n\r\n\r\n枪响之后，没有赢家。 \r\n\r\n\r\n\r\n因为，伤害一旦蔓延，无人能够幸免，包括最先扣动扳机的那个人。\r\n\r\n\r\n\r\n所以，疫情中，撒谎的人，撒的不仅是谎，还是害人的病毒。 \r\n\r\n\r\n\r\n他们不仅触犯了法律，还是所有抗疫者的敌人。\r\n\r\n\r\n\r\n他们不仅是移动的病原体，还是杀人的刽子手。\r\n\r\n\r\n\r\n我们人类应该开始节约资源，爱护地球，保护环境，美好生活从良好的生活习惯开始，或许才能远离，减少病毒的危害。\r\n\r\n\r\n', '2021-04-25 22:07:31', '关于新冠肺炎', '/images/news/news-01.webp', b'1', '新冠新闻', NULL);
INSERT INTO `news` VALUES (2, b'1', '1、静态数据成员\r\n     如果想在同类的多个对象之间实现数据共享，也不要用全局对象，可以用静态数据。静态数据是一种特殊的数据成员，用关键字static开头：\r\n\r\n如果希望个对象中的数据成员的值是一样的，就可以将它定义为静态数据成员，这样它就是所有对象共享的，所有的对象都可以引用它。引用时要加上成员运算符“.”\r\n\r\n	注意：（1）.静态数据成员不属于任何一个对象，在对象分配空间中不包含静态数据成员的所占空间，静态数据成员独立开辟空间，只要在类中指定了静态数据成员，即使不定义对象，静态数据成员也会分配空间，也可以被引用。一个类中可以有多个静态成员。\r\n\r\n		（2）.静态成员不随对象的建立而分配空间，也不随对象的撤销而释放。静态数据成员是在程序开始运行时被分配空间，到程序结束时释放空间。\r\n\r\n		（3）.静态数据成员可以初始化，但只能在类外进行初始化： 数据类型  类名  ：：静态数据成员名=初值\r\n\r\n		例如  int   Box ：：height=10\r\n\r\n		（4）.静态数据成员可以通过对象名引用，也可通过类名使用。\r\n2、静态成员函数\r\n\r\n      同静态数据成员一样，成员函数也可以是静态的，在声明函数时加上关键字static即可。静态成员函数是类的一部分，不是对象的部分，如果在类外调用公用的静态函数，要用类名和域运算符“：：”。\r\n\r\n      与静态数据不同，静态成员函数不是为了对象之间的共享和沟通，而是为了能处理静态数据成员，静态成员函数没有this指针，由此决定静态成员函数不能访问本类中的非静态成员。\r\n\r\n      静态成员函数可以直接引用本类中的静态成员，静态成员函数主要用来访问静态数据成员，而不访问非静态成员。', '2021-04-25 22:07:31', '这是新闻', '/images/background.jpg', b'1', '新闻', NULL);
INSERT INTO `news` VALUES (3, b'1', '1、静态数据成员\r\n     如果想在同类的多个对象之间实现数据共享，也不要用全局对象，可以用静态数据。静态数据是一种特殊的数据成员，用关键字static开头：\r\n\r\n如果希望个对象中的数据成员的值是一样的，就可以将它定义为静态数据成员，这样它就是所有对象共享的，所有的对象都可以引用它。引用时要加上成员运算符“.”\r\n\r\n	注意：（1）.静态数据成员不属于任何一个对象，在对象分配空间中不包含静态数据成员的所占空间，静态数据成员独立开辟空间，只要在类中指定了静态数据成员，即使不定义对象，静态数据成员也会分配空间，也可以被引用。一个类中可以有多个静态成员。\r\n\r\n		（2）.静态成员不随对象的建立而分配空间，也不随对象的撤销而释放。静态数据成员是在程序开始运行时被分配空间，到程序结束时释放空间。\r\n\r\n		（3）.静态数据成员可以初始化，但只能在类外进行初始化： 数据类型  类名  ：：静态数据成员名=初值\r\n\r\n		例如  int   Box ：：height=10\r\n\r\n		（4）.静态数据成员可以通过对象名引用，也可通过类名使用。\r\n2、静态成员函数\r\n\r\n      同静态数据成员一样，成员函数也可以是静态的，在声明函数时加上关键字static即可。静态成员函数是类的一部分，不是对象的部分，如果在类外调用公用的静态函数，要用类名和域运算符“：：”。\r\n\r\n      与静态数据不同，静态成员函数不是为了对象之间的共享和沟通，而是为了能处理静态数据成员，静态成员函数没有this指针，由此决定静态成员函数不能访问本类中的非静态成员。\r\n\r\n      静态成员函数可以直接引用本类中的静态成员，静态成员函数主要用来访问静态数据成员，而不访问非静态成员。', '2021-04-25 22:07:31', '这是新闻', '/images/background.jpg', b'1', '新闻', NULL);
INSERT INTO `news` VALUES (4, b'1', '1、静态数据成员\r\n     如果想在同类的多个对象之间实现数据共享，也不要用全局对象，可以用静态数据。静态数据是一种特殊的数据成员，用关键字static开头：\r\n\r\n如果希望个对象中的数据成员的值是一样的，就可以将它定义为静态数据成员，这样它就是所有对象共享的，所有的对象都可以引用它。引用时要加上成员运算符“.”\r\n\r\n	注意：（1）.静态数据成员不属于任何一个对象，在对象分配空间中不包含静态数据成员的所占空间，静态数据成员独立开辟空间，只要在类中指定了静态数据成员，即使不定义对象，静态数据成员也会分配空间，也可以被引用。一个类中可以有多个静态成员。\r\n\r\n		（2）.静态成员不随对象的建立而分配空间，也不随对象的撤销而释放。静态数据成员是在程序开始运行时被分配空间，到程序结束时释放空间。\r\n\r\n		（3）.静态数据成员可以初始化，但只能在类外进行初始化： 数据类型  类名  ：：静态数据成员名=初值\r\n\r\n		例如  int   Box ：：height=10\r\n\r\n		（4）.静态数据成员可以通过对象名引用，也可通过类名使用。\r\n2、静态成员函数\r\n\r\n      同静态数据成员一样，成员函数也可以是静态的，在声明函数时加上关键字static即可。静态成员函数是类的一部分，不是对象的部分，如果在类外调用公用的静态函数，要用类名和域运算符“：：”。\r\n\r\n      与静态数据不同，静态成员函数不是为了对象之间的共享和沟通，而是为了能处理静态数据成员，静态成员函数没有this指针，由此决定静态成员函数不能访问本类中的非静态成员。\r\n\r\n      静态成员函数可以直接引用本类中的静态成员，静态成员函数主要用来访问静态数据成员，而不访问非静态成员。', '2021-04-25 22:07:31', '这是新闻', '/images/background.jpg', b'1', '新闻', NULL);
INSERT INTO `news` VALUES (5, b'1', '1、静态数据成员\r\n     如果想在同类的多个对象之间实现数据共享，也不要用全局对象，可以用静态数据。静态数据是一种特殊的数据成员，用关键字static开头：\r\n\r\n如果希望个对象中的数据成员的值是一样的，就可以将它定义为静态数据成员，这样它就是所有对象共享的，所有的对象都可以引用它。引用时要加上成员运算符“.”\r\n\r\n	注意：（1）.静态数据成员不属于任何一个对象，在对象分配空间中不包含静态数据成员的所占空间，静态数据成员独立开辟空间，只要在类中指定了静态数据成员，即使不定义对象，静态数据成员也会分配空间，也可以被引用。一个类中可以有多个静态成员。\r\n\r\n		（2）.静态成员不随对象的建立而分配空间，也不随对象的撤销而释放。静态数据成员是在程序开始运行时被分配空间，到程序结束时释放空间。\r\n\r\n		（3）.静态数据成员可以初始化，但只能在类外进行初始化： 数据类型  类名  ：：静态数据成员名=初值\r\n\r\n		例如  int   Box ：：height=10\r\n\r\n		（4）.静态数据成员可以通过对象名引用，也可通过类名使用。\r\n2、静态成员函数\r\n\r\n      同静态数据成员一样，成员函数也可以是静态的，在声明函数时加上关键字static即可。静态成员函数是类的一部分，不是对象的部分，如果在类外调用公用的静态函数，要用类名和域运算符“：：”。\r\n\r\n      与静态数据不同，静态成员函数不是为了对象之间的共享和沟通，而是为了能处理静态数据成员，静态成员函数没有this指针，由此决定静态成员函数不能访问本类中的非静态成员。\r\n\r\n      静态成员函数可以直接引用本类中的静态成员，静态成员函数主要用来访问静态数据成员，而不访问非静态成员。', '2021-04-25 22:07:31', '这是新闻', '/images/background.jpg', b'1', '新闻', NULL);

-- ----------------------------
-- Table structure for tag
-- ----------------------------
DROP TABLE IF EXISTS `tag`;
CREATE TABLE `tag`  (
  `id` bigint(20) NOT NULL AUTO_INCREMENT,
  `name` varchar(255) CHARACTER SET utf8 COLLATE utf8_bin NULL DEFAULT NULL,
  PRIMARY KEY (`id`) USING BTREE
) ENGINE = InnoDB AUTO_INCREMENT = 3 CHARACTER SET = utf8 COLLATE = utf8_bin ROW_FORMAT = Dynamic;

-- ----------------------------
-- Records of tag
-- ----------------------------
INSERT INTO `tag` VALUES (1, '热榜');
INSERT INTO `tag` VALUES (2, '推荐');

-- ----------------------------
-- Table structure for type
-- ----------------------------
DROP TABLE IF EXISTS `type`;
CREATE TABLE `type`  (
  `id` bigint(20) NOT NULL AUTO_INCREMENT,
  `name` varchar(255) CHARACTER SET utf8 COLLATE utf8_bin NULL DEFAULT NULL,
  PRIMARY KEY (`id`) USING BTREE
) ENGINE = InnoDB AUTO_INCREMENT = 9 CHARACTER SET = utf8 COLLATE = utf8_bin ROW_FORMAT = Dynamic;

-- ----------------------------
-- Records of type
-- ----------------------------
INSERT INTO `type` VALUES (1, '校园');
INSERT INTO `type` VALUES (2, 'Java基础');
INSERT INTO `type` VALUES (3, '热榜');
INSERT INTO `type` VALUES (4, '我的世界');
INSERT INTO `type` VALUES (5, '撒旦法');
INSERT INTO `type` VALUES (6, '爱得发疯');
INSERT INTO `type` VALUES (7, '生巅峰');
INSERT INTO `type` VALUES (8, '打发打发');

-- ----------------------------
-- Table structure for user
-- ----------------------------
DROP TABLE IF EXISTS `user`;
CREATE TABLE `user`  (
  `id` bigint(20) NOT NULL AUTO_INCREMENT,
  `username` varchar(255) CHARACTER SET utf8 COLLATE utf8_bin NOT NULL,
  `password` varchar(255) CHARACTER SET utf8 COLLATE utf8_bin NOT NULL,
  `nickname` varchar(30) CHARACTER SET utf8 COLLATE utf8_bin NOT NULL,
  `type` int(11) NOT NULL,
  `avatar` mediumtext CHARACTER SET utf8 COLLATE utf8_bin NULL,
  `email` varchar(255) CHARACTER SET utf8 COLLATE utf8_bin NULL DEFAULT NULL,
  `create_time` datetime(6) NULL DEFAULT NULL,
  `update_time` datetime(6) NULL DEFAULT NULL,
  `introduction` text CHARACTER SET utf8 COLLATE utf8_bin NULL,
  PRIMARY KEY (`id`) USING BTREE,
  UNIQUE INDEX `user_username_uindex`(`username`) USING BTREE
) ENGINE = InnoDB AUTO_INCREMENT = 9 CHARACTER SET = utf8 COLLATE = utf8_bin ROW_FORMAT = Dynamic;

-- ----------------------------
-- Records of user
-- ----------------------------
INSERT INTO `user` VALUES (1, 'Ming', '202cb962ac59075b964b07152d234b70', 'Ming', 0, 'data:image/jpeg;base64,/9j/4AAQSkZJRgABAQAAAQABAAD/2wBDAAMCAgICAgMCAgIDAwMDBAYEBAQEBAgGBgUGCQgKCgkICQkKDA8MCgsOCwkJDRENDg8QEBEQCgwSExIQEw8QEBD/2wBDAQMDAwQDBAgEBAgQCwkLEBAQEBAQEBAQEBAQEBAQEBAQEBAQEBAQEBAQEBAQEBAQEBAQEBAQEBAQEBAQEBAQEBD/wAARCAC2ALYDASIAAhEBAxEB/8QAHQAAAQQDAQEAAAAAAAAAAAAAAAQFBwgDBgkCAf/EAE8QAAEDAwIDAgkJBQQFDQEAAAECAwQABQYHERIhMQhBExQiMlFhcXOBCRU0NUJSkbGyIzNicqEWJMHRFxhDkpQlREVGU2N0gpOWwtLx0//EABsBAAIDAQEBAAAAAAAAAAAAAAMEAAIFAQYH/8QAOBEAAQMDAgIHBQcEAwAAAAAAAQACAwQRMRIhQVEFE2FxgaGxBiIykcEUFUKi0eHwIzNSUySS8f/aAAwDAQACEQMRAD8A6M2ZhMazwYyCSlqM0gE9dgkCllJ7d9Xxvco/SKUV58rQCKKKKiiKKKKiiKKKKiiKKK13MdRtPtPIzczPs5sGNsOkhty7XJmIlZ9CS4ocR9ldAJNgotiqNO0JrnjPZ902n53kB8NIH93tkFHNybLV+7bSB3b8ye4D07VHd4+UQ7IdonPW4arC4PsK4VfN1onSUE/wuIZKFD1hRFUa7UvaPsfaN1lhTrPLlJwvFovDahLYcYEiSv8AeOlCwCD3DcdNqahpXl15GkNUHvGwUuaVYVNzKZL7UfaKuDdzu8lKpMCPIPFHtzAPkBtB8kbcgkf41HWr+rFx1OvQUEeL2mEpQhR+/Y8uNX8R2rUkalXebY4+JqygyLSwsLRB8Mnh5HoduZHqrY9R9SU56i1RotgjWmJaowZQ0yoK4ld6twkbD1UwbufqP/ifY0N2C0miiirIiK+EAgggEHqDX2ioosbMaPHTwx2G2h6EJAH9K9kBQ2I3FfaKiiaZ2LWSc8iUYYjym1BbciOotOoUOhCk7Hepb017W/aR0ZcZYF+TqHjrWwXbL4s+OIQOoZledvt9/iHoTUdUVfXcaXbjkf5shPia9X9wjtm9n/XmweIXG+nFL1BWl+ZZ74sRnWiAUlSHCeBxO6ttwd+Y3SKKoLBx+zXe4F2429p5aGiErKfKA3HLcc9qKoIITi4Sb4HA7Lslbvq+N7lH6RSik9u+r43uUfpFKKyiqhFFFFRRFFFBIA3J2AqKIqKdV9YrdpNCdyu/W+fLS04mFFt8BkvSJby9+BtCR3kjqeQqJNau01k+YZBN0k7O0yMl+ICi/ZctSVRbYn7SWj0U4Bv5XcenTeoBlatW3S2yuYjp5erjkdzcdW/Nv92krfSZCz+0Wy2olIJP2ttj38XWk+kuhpq/qCJCzS8OIHEDfc8Oz0wm6Rwbqu29xbuWwa8a/dqjIbO3PXNhaXWK4L8Gxa4UkOXlxHXicd23R6+DhI796qq5h9nmTl3W9Jfu891RW5KuDyn3VqPUkq61tN4vV2yCe5dL3cZE2W6d1uvLKlH1c+g9Q5Uir0bXFo0t2HZ/N/FXbC1qTMWy3Rfo0CO1/I0kfkKUcKenCPwr7RVcolgFhchQ3Rs7FZWP4kA1hVbUIH9yeXGI6BHm/FPSllFSylgm/wAYucX6TGTIQPts8lfFJ/wNKIs6LNBMd0KKfOSeSk+0HmKUUllW6LKUHFJKHR0dbPCsfEVFyxGEqAKiAkEk9AK9LacaOzjakn1janHTxdng5KwM0uiWrchSVNSlRVOhLgPIOpSoHg9KhzHoNW6vuE4Nq/ZX7W7Zrfbcnjw/GYUu3KBYnNAeS4hQ89J6HfdST3147p32s+4qtkMkJMZy79OduKepqQVDCQ6x5KmVFKbjCct09+A757Dim1e0Hak1euilbMwSMNwRceKUcC02KKKKKuuJzx/6Yv3R/MUUY/8ATF+6P5iirBBfldgrd9Xxvco/SKUUnt31fG9yj9IpRWQUkEUUUVFEVVrtZawX6beY3Z301nmLebzGMrILolWybVbftEq+ypSd/Ry9pqftTc+s+l+BXvPb84Ew7NEXIUCfPUOSED1qUQPjXJhrULNL7dslzS4XaQ3OzJ8vzwkgKU1uShrfbcJA5bDYU3Sx5lPDHf8Asrxs6x1ltWWZfa7baE6c6doVDxqEdnnhyeubo8551Q5kE9B0qNpV8hRnFNBL77iPOQwwtwj28Iq02hfY6smrenkDUC8ayw7Y1dErDcOHDQtcdaTsUOOOOAFQI5gJ+NbBe/k1s3YaVIwrWSy3JKhxNNXG0rjJPtcaW5+PDTbSBu4EpjrmN90KmsPJbRNkiEmQpmSejL7am1H2BQG/wp0rcNW+zpq9pY0Val4Cv5sQryLxbHPGogO/I8YAU2fRxAGtLjKbUyjwTvhEgbBW++9WcWH4URj9eCslFFFUREUUV8UpKElS1AAdSTyFRRfaKxMy4sgkR5LTu3XgWD+VZa6QRlcXwgEbEAinTH9R8z05XHex6atcGMtbiWCOIxSsEKU36jvuU9N+fWmyggHkaVq6KCviMNQ0OaeBV2vcw6mGxXpy4fOzirkXQ74wouFe+++53rzTI4FWGaHW/oMpey09zSz3j1GnsHcbijRsbGwMaLAbKmouNzlFFFFXXU54/wDTF+6P5iijH/pi/dH8xRVggvyuwVu+r43uUfpFKKT276vje5R+kUorIKSCKKK8uOtstqedWEobSVKUegA6mooqQfKE5nkuX5BifZ3wS23C7TJ6/ne6QoCEuOOpSeFlsgeUnnuo77DY8+lRtpH2GNZNXZEtF8vkXCLPCWWFym2BNeccHnNt7KSg7dCoEgHpvVmuyrCssi86p9pvKJyI0a+Xd+LEmzn+Ua2xSU7Eq80cQO23UbCod1t+UovRvQxDs6WWDDtTD4j/ADxOjgrlKKtv2DRIS2nc+csEnrsK3qeKzQ0cPUqhlc0aWqdcd+TP7KVtsse35Ph0/Kpzaf2twuN4mIcdUep4GXUNo+Cd/WaQ3jsMSNMCcj7I+qGRaeXGN+0RYJNxeuNhmK70usPqWpJV04wo7dwHWrPYUbsrErO5fp/jtxchNOSX/BpRxuKSCTwp5Dme6tF1Z7S2lGieT2DFdRL0u3PZCFFh8N8bTKQeHid2PEhJPLi2I9O1FGpxsDdKh7rrVdF9cX9QG7ppvrJjUXGc7sjBF4tT5CokuPtsZMdS+TjKh1HPbfnVC+1hj+h2K6kMy9D8rttwj3J1aLra7cpbzEF4c+JtxILfCfuhZIPcBVxe252fcp11xC2ZRpdOs6ZtojuyFuKWtLk6KUhXgkONghaVAb8B2BPfUA6ffJ1Zvl9jg3266yWS1wZrKXm27XZ1yFhJ+yS4pvhI5g8jzpaZgFnNCcge34rqsABJAAJJOwAG5JqQsS7POuWeJ48U00uj7fLZ+Zww2f8Afe4QfhvRG0Dz7FO0natFvFbtIkN3xmVGuDrSgl+3tqCzI4k8gnYEHnyJANddGmw00hoEkISEjf1Cgg3TMlQfwrmjF+T67Sk1lLq5mD29ShuWpFxfcUn1EttEfhWSX8nh2juDZF40/fTt5SDNleV+LO1X21M1StunUWNGatcy+ZBdFFu1WSAAqTMcHt5IQO9auQ9dRZKwntwalK8dk6q4hpHAcHG1AtdlTe5zY+484+pLXF6S3uKK2JzhqvZAdUPGSqM5f2FO0laAp1GlEacpoFSZtiu8crB9IQooWr2EVE8iPl2Gz3Mb1Jxi72G5sDiCbjDWwXUdytlD+o5V0lueG/KB6VpN2xvVLDdZoTI437TeLGixzXE780MOsKLZVt3uED1Gtz0h1r047RsW443k+EqsmXWhJjXvF8hhoMqLz57cY2daJ6KHL0gVZ4kEZA976fWykdQb3XLNp5p9AcZcStJ6FJ3Fe6v/AK0/J+af5K1JyDSqR/ZG8pSXDHRuuDIPXhU3/s9/Snl6qorleI5Ngl+kYvl9uMG5xT5be+4UnuWk96T3Gk45tR0vFnck8yQPwmObEbmxXIro3S4kj2eukWPzHJENUeQNn4qyy5z57jofiKdKYkEwMpW3yDc9rj23+2nr8TRlY7EFPtFFFRWTnj/0xfuj+Yoox/6Yv3R/MUVYIL8rsFbvq+N7lH6RSik9u+r43uUfpFKKyCkgio+7QGVHC9F8wyJC+Fxi1uttEdeNweDG3r3VUg1APbLeM3BMZwxpR8JkuWWyEpIPnNBzicH4CiwM1yNaeaipb2n9UbpYcRw/sz4/JVEt1gtEabkBZVt47NeTx8KiOoTvz37yarWpAUjhHLptt3EdDUqdrSxScS7SufW+5qKA5ORJjFZHOOtA8Ht8BUWAhQBHQ1vuu0C2Eq8m6tbgvymOvuDYzGxidiGMZMILKWI86Ut5h/hSNk+ECFcKtgO7Ymq/6tas53rrm0nUDUiXGduEhpMdqNEQpMaKyOjbaVEkD0nfcnma1OioZDwCrddMfkzdd7rmuI3bR/JJKpErEUNuW95avKVCWSEoPp4SCPZtVwrZbY9ohot0RASyySEAdwJ3rmJ8l1Cnye0BkdyjNq8Tt9gCJKh5oUtfkA/ga6ik7kmhVOR2okY3JXzYb8Ww36b19oqEu1n2iI3Z401cvkJDUjIrosxLPGc5hTu3NxQ+6gc/btyPOl2tLzpCLhfdbtcNEezdcpGc5nJXcMsuMZDEO2xQl2YplPRKEnYNNk8ypRG59PSt50F1fOuWn0TUNnGJFkiT1qEZl94OLWlJ24twB3//ALXEfKMmyHNr/NyrLbtIud2uThdkyXlcSlE9w9AHcKu52SflB9NtK9MLVpdrDFvEF2yBTEO6Q4Rkx3Y++6AsI8tKh081W/Xl0p8MBbpbuQliL4XRa6Xi0WVluTebnEgsuupYQuS8ltKnFeakFRAJPcO+og7QGiy8tRF1Q08Ddv1DxceM22a0OEzG081RHiPPQsctj0O1UU7bPbZxXtBWK16f6UM3ZNkizROuM6ZH8XElSAQ2htJPFsNydzt7O+pn+Tx7VVyy9KtD9Q7quXc4TBdssx9W7j8dPVlRPnKTy2PUj2b1zQW78eS4AW7qQtXtWNasr0BZ1C0TjW2ErxRar74Ztb0+E4g8LrbLWxSSk8RJJJAHId9c4XJ0+7SXLvdbvKuc2USt6VJdLjjiidyST6+6uzlixiLjlzviYTZRFuMzx0NEkpS4tI8IQO7dW52Fc5e23ojC0h1Gi5VjjKWcezJxxYjpGyYs1PNxKR0CVA8Q9B3rPka0PuFo00gBseKr7TDku7Eu2TkjYtyAgn1K5U/Ux5hytjSu8SWiPxrhwnH/AAp8ory2d20n1CvVdV054/8ATF+6P5iijH/pi/dH8xRVggvyuwVu+r43uUfpFKKT276vje5R+kUorIKSCKr72j0pn6w6C2NQCkycqkPrT6m4xIJ+NWCqsuvVydHa30AtPB+z8bnyOL+LwSk7f0pqjH9UePouHC2/tD6FWi75jZtd7Zjke6XawN+LXKGuMl0yoR5+FQD/ALVrqk7E8O4G21UI157MebWO8Ss303skvKsZurqpTbdtb8LKilZ3KCyPKWAd+aQfWBXVHI9S8bxuaq3SvGZEhHnoYQDwe0kgfhSSzXHTvMXFx4MVtuUsFxTZbLTh9J3HI/AmtaDpCIN6iXf1RJuia0RCqbGdNskG1ufZ3rjZiOi2rua3EWu06aZGw99pVwtzkNpH8zjoSgezff1U25Pp/l2JZm9p9dLQ4u/NuoZRFj7uF9S/M8Hy3UDvyO1dnMl0btmQsGNHy3IrOhXnG3PMIVt6lLaUofA1gwns+6YYNfv7XxLM7dMk8H4L57vD6pk0I+6lxfmD1JAoz5aUN9y90gxkhPvgAKMuwz2bZ2gOm8iblbDacsydxMu4pSd/FmwP2bG/8I5n1k1ZSmi+ZC1aJMCAhkvzLi94JloKA5DmpRPcAKd6z3S9a4k5TZjLGgkbFFcyvlSLlcXNX8QtLyleJNWRx5lG/k+ELpClbenu+FdNaq/25OzhG1nxi0ZfFW+3PxN1TkoRuTz9vV++Sg8KvKTzWBtz2NGpyA+x47KjtwuUVFS32hNEGdKJsLIMSM24YTdIzS4txdcLxbdI8pLqwNgSeY7u6ogRIjuJCm321A9CFAimZYXxO0kJVp1C4WSpQ7KlznWvtN6bv24/tXLv4IjfbiQptQUPXyqMVtOtpQpxlxCXBxIKkkBQ9I36j11bD5OjRK55nrE1qzcIjrdjw5CzHeUnZL01Y2CUnv4Ukk+0VGAsJLuAVgF1Qk/vTVXvlELK1cuztJuBCA7arrEkoWU7qA4iFAHu33H4VZ1RKiSe+qv/AChtxitaEtWZ2Qpt25XiMltKR5wRxKV8OlZ7jdNRi1gucqTxJCvSN6YsuUTGhxh1elI2+Bp+A2GwrX7r/fcjt0MEFLAU+sejurhwtJ+LJ/SNkgegbV9oorqunPH/AKYv3R/MUUY/9MX7o/mKKsEF+V2Ct31fG9yj9IpRSe3fV8b3KP0ilFZBSQTbk16axvG7rkT6Ctu2QnpikjvDaCrb+lVm0d0BzrVfJcB7VOS68Xia6GFXCJY5NraWxHad33abIWEp5bDiCN6nbWwvDR7NSx+8+Ypu3/oq3/pSPskPJkdmnTh1O3Owx+nsp+lFmFwzhVKf8r0mg5FcnLrFurkJ588TqS0HEE+kDcEfjXzENKWcZuybvIu5luNAhpCWfBgE955netmynMsSwi2KvWY5La7JAQdjIuEtDDe+2+wKyNz6hzNQx/rlYTkks2/R3A851Jd3KDKslmW1Abc+65JkeDSn+YBQq7aNrna2t/notT77r/s/2XrPcta1hjle1/NT/SJi7wpVxftcdanHoqUl4pHkoJ6JJ9PqqJbNnPajyNZ30KxfFmgdwq9Zb4wtQ/kiML2PtIrJhObHAbhdrJqx4lZ7rOmKmNyI/hHIkhCvuOKSDy6eUBUnd1BbqIse1KU9M6pa/QCXAbAZO+/yUwKYZW6l9TSC4gEJWRzSD12Ne6iTM9drawhpGAvt3hyO6l24OIYWtpiOCAolXIEnflsTUqw5KJkRmW2QUvNpcG3oI3qkc8cri1hvZSeinpmNkmbbVe187cxw7FmoIBBBG4NaFl+UXCJqBi+OWKapT0pbi7hGA4kiME8lK+6eLv61vtXZIHkgcEOWB0TGPd+IXHzI+ijydolibqJ8a3soZgXNalybc80H4ilK87hbV5oUeZT5vqqLJ/Y307tdwVfca0dwCVcASpHh2Ex0A9xCQytKT6wmrLUU/HXTRi17jtSbqdjjfHcqjZT2L7/rZfbPc9YJ+P2OBZFkNRMa8K7IkMHoy4+6lCUp/lb367bVZ/DsNxnAMdh4piNoYttsgo4GWGk7D1qJ6qUepJ5mtN1SzPKLBOZg2o+KR3EBQkeDCitXeAVAgbfjTJiOrGQi6R4F6UmcxIcS3xcAQ4gk7AjhAB+IpGfpLrZNMn7L0NN7NVUlGKqHSW2va+9vlbzUz1zj7fmpKsr1YiYLDeKoGJxv2gG2xlugFR368k8KSPVV3dcdX7Holp9PzW78LrzY8DAib7KlSVeYgervJ7gDXJjJskueY5HcsrvRbM+7SVypHgxskLUd9h6h0qyzKdmp2rkm0nYb0z4vCmXu9S5kSK7IekOeLxm2mypawn0AcyaWXV1aIam2f3r37NHtPf8ACtv0cls4rnWNyvnJNvaiy2/CyVqCUoSfOKj6DudyaBVSOhhfIwXLQSBzIGE6G63gHCcNStMrnpm5Zot2kFcm629M1bRa4PAKJ2LfU8W3p5eytMqXO0VrArU3KFW+FGgfNNmeW3CktJJdfSeRUpe+xSdtwAPxqI6S6FlrJqCOSvFpSLkd528rIswYHkR4Tnj/ANMX7o/mKKMf+mL90fzFFawSr8rsFbvq+N7lH6RSikLcyJbrIi4TpCGI0aKHXnVnZKEJRuST6ABVdL7rtqZqPKX/AKKHoWL40hRS1e5sQSpk7Y+cyyo+DQ2e4rBJ6isKpqYaOMzVDg1vM+gtck9gCz3yNjF3KwuV2qJfMXu9lnvpYjT4L8Z51RADaFtlJUSeQ2B3qmPZW1a1wyXTJOhGjdjhmdic2TbZuXXNxK4ECMHD4ENISSXnODYgdPSCOdbpHu2T6w5JH0By7Uh+a2Gjdb2uLbxFelQxyTGWtkhCQo8zsASK2m/aa/6vWeRNY9JMeQxjSobdtyywW9gALit+ZMabT5zjY84Dmobk7mtHoyrglhEjDcP3FwQPOx34LjXCQamrZsQ7H+CM3VvMdX7pcNT8s23VPyFXhI7J68LMX90hIPQEK27tqnWLEiwY7cWFGajsNJCUNtICEIA6AAcgKQ43ktiy+yRMjxq5sXC3TWw4w+ysKSoH8iO8HmKc6de9zj7xXUUnm2+BcmTHuMKPKaPVDzaVp/AjalFFUIvldBINwkSLHZm4LtsZtURqI8kocZbZShCknqNgBWhuaNvw1KaxnUXJ7NCJJERqVxtt79yN+aR+NSTRQnwxyW1DHh6JiGrngvodnOD5G61bDtO7Lhy35rMmZcblK+kT57vhX3PVv3D2VtNFFXYxsbdLRYIcs0k7y+Q3KKKKKshLFIjRpbSmJcdt5tXJSHEBST8DTbGxDGIctM6LYoTT6DulaGgOE+kDoKd6K4Wg7kIrJpIwWscQDmxVAe1LA1K7THaLRovp8xva8TjJMqY7xeKxH3Bu466fvDkkAcztUTdnzsb6gaq5NesczWRc8esmPvPRplw4NnZMjchKGeL7O3lE+jYezqg4IMEPz3QxHBHG+8rZG4SOqleoemvFtuduvMNFxtUxmXGd8x5pQUhfrBHWpZVEhaLBUkvHyX9hi2l13EdWb4bw2glj5yZbXHWvbooJAUkH089vQapdcbbe8ayK7YZlMNMS9WOSuJMZCtxxJO3ED3g12zeeajtLffdQ222krWtagEpSOpJPQVyJ7Teb47qT2ksrynEyh22MoZt6JLexRIcaTwqcSR1BI61y2nCLA92uy0CiiirJ5OeP/TF+6P5iijH/AKYv3R/MUVYIL8rqdqth18z/AEhu2HY3OjxLjdLehllyQVBv7JKVFO5AIBG4B61Xa36ddrCew3i9q06xLEGIraWBdp97E1ooA24mmWU8QPeAsbemre276vje5R+kUorBqKWmqw0VMYfpNxe+xPYCAccQVnPibJbUFF+iGhFo0ehTZ0m7P3/KLyoOXa9SUBC31DohCASENjuTualAgEEEbg0z3ydKiyIiIvGkqXzUR5B35bGngb7Dfbf1UCn6QjqqmWmYLGLSDtYbi4t3YTDoTGxr+B+ig7JdFs+wO9zM77NWTQ7PNmumRcsWuwWuy3FfVSkBPlRnT95HIkjfYUrx7teWOzvtWDX/AAu9aW3riDRfubRes76/+5ntgtEd/l8O3pqR83z7C9N7E7kudZLAsltZ5KflvBAUruSkdVqPclIJPoqmmrXbxzbMEvY92c9O2X4Dm7bmSZK1wx1DpuzGJ3WPWv4pr0VGKip9xrNXbx+f7FLve2MXcbK+WP5PjeW25F4xXIbZeYDnJEq3y25LKvYtslJ/GnOuL9i0zzeNlruoEvUJ6zX+Q74Z17GWU2tHF6kxw2gf7nPvrfbtbbrkzvhswzfK8hXtsTcry+6P1Ct5ns/Vv3AA7z+l0m7pCFvG/cuo16zzB8bJTkWZ2K1EdRNuLLG3++oUx/6dtEB11kwf/wBwxP8A+lcxEafYWj/q9FWfS4C4T8VE1m/sPh2239l7X/wqP8qYHszPbd480H7zZ/iV04Z1w0VkLDcfV/CXVHolGQRFE/AOVtNsvllvTQfs14gz2yN+ONIQ6nb2pJrk7/YXDd9/7L2zf/wyP8q+LwXEVfu7BEYP3o6Syoewo2IqH2Zn4PHmoOk2cWldcKK5I26x5Nj7xexLVXOrAD0bt98ebSP67n4mkeVwNYsojmPcdfMwuLXcxcbg86g+3y9v6UnJ0DXMw0HuI+qM3pCB2TbwXVXK9TNOsFQVZnndgsZCCvguFxaYWoD7qVKBV7ACarJqb8pLpfY/DWvSawXHN7knyUyShUO3oO3UuLHhFbHuCAD3Krn67pNlUB0vuWm23lRO5WJSws+0Ocq8PvTLKjgu+OXG2tt8itUcqZHsUncVnzUVTBvKwgd31wnoZIJfxhSDqNrxrZrFNdk57m8puAtfhGrLbFmPBZ57gFA5ubelZUfXW3Yl22e1BgduRZoF3xvIYTKQiP8APNvPhWEDkEhTCm+ID+Lc1CsS4wZyeKHLae5bkIUCR7R3UopWwT/UsItZbtqb2iu0RrPHdtecZ8m32V/95abI14sysfdWrz1j1KUoVocOHHgMJjRWwhCe70+s1mortldkbWYRRRRUV054/wDTF+6P5iijH/pi/dH8xRVggvyuwVu+r43uUfpFKKT276vje5R+kUorIKSC8OstPAB1tKwkhQ3HQjvqMdetbYukFhjM2yCLvll8c8VsdpSTvIeP217c0tp6k/D2SjVNe0nkEjTztRYtkd2trlzgX2zLgW5KU8SmZAVzQgqPCkqPM7dx3pzo2lhqKtrJNgcnuS9ZNJDTufGLkAkBQZnuHZlfM5cyPXHIDk+QJAWw0v6FAQrmG2GvNSBv1259Tv1pquuYYtYB4Gfd4zS08gyg8ax6uFO5rf8AW7EM2yKbBv8AmtxatsSUlTTdrtayFJSOYDz/AFWdjzCQB6K0e1YzYLIALVaYzCh9sIBWfao7qP419TihdCOrpmBje39B9SO5eYhqPtUYlmdqPG2Pn+gTGdQX5Y/5Bw6+Tweji2Aw0fYpX+VfFX3UiT9DweHFB+1KuKVf0QK2GZfrHblFM+8wY6h1S7IQk/gTTU9qRg7B2XkcVX8nEv8ASDVJCGf3qi3/AFHqCfNMNF/gjv8AMpCH9XF9IWLt/wAy3zt+BoLGrbnWdjDX8rbx/OlR1Owcf9N7j0pjPEf0RXk6o4OOfzw5/wAG/wD/AEoZfS8aj84+itaXhH5FJvEtWuvz1j3s8A5/lXpLGraP+fYw56lNvD8qy/6U8G24vnd3b0+JP/8A0oGquBHpfvxivD/4VzXSf7/z/uppm/1/lXxLuqyD+0iYu4n+Bx9J/rTjGuOXJAE7G4qj3mPOB/opI/OsEXUXCJh4WcjiAn/tCW/1AU8w7rbLh9AuMWT7p5K/yNMxCN39uYnxB+hQ36h8TLeBC9MS1uAeHhSI6vQsJV/VJNZI8hiWymRHcC219FDvrIobgg99aHbcyg4Y25Ycu8NEcYWsx3gypbb7ZO44SkdfbRZZ205HWGwN9zz9FRkZkvpzyT9eMExK+brn2ON4Uni8OynwTu/p407E/GtMuummRWkqkY1dPnJgc/FJp2d2/hc7/jT1Cn5Bm11ROgLuFmskdshC1JSh2S4eiuEg+SPXXuVe8rw5wOZA0i72jfZU2M3wPsj0uNjkR6xWXUwUVW0vkjIb/kBbx527SLJyCaopzZj9+X82WhM3JPjSrdPjvQZzfnR5CeFXw7lD1illPup+RYrLx6OfBsTnpgC4zyQSphG/Nzcc07f/ALWtwnGnYra2JCX0cI2cCuIK+NeS6Qo20UuhjtQ5/wA2XpaGqdVR6ntsVnr4VJBAJAJ6Uqtttn3eexbLXEdlS5Kw20y2ndS1HuFb/M0GVe7hbdKYbKrpqJeHUPBER4+BsMQHy35CxyJ2+z06bekogXNk29wYLlaVj/0xfuj+Yoqz8j5NZ6xSBPs+vt3QytsNGPJtCXilR2JIWl5AI3B2HCOtFQPjI2cPP9Eq6cE4V47d9Xxvco/SKUUnt31fG9yj9IpRWSUEIqs/ygGFzb3oerOLKje7YJOZvUdQ87wYUA4B69uE/A1ZioB7cmfxMH7PGQwi0mRc8oSmxWyMersh8hI5dTsOf4UelLhM0szdVfbSb4VcM/ynKdTNPMWyq3y7XbLfNb421pKpMor4Bx8Q8lCOfd5RqL14JBm875drrcyeZS7KUhvf1IRsBUgzccOn+B4hpwp1CnrXb0vTQNz/AHlwAqPPp7KY6+uinEjQZ9zbe+PljyXi6NwijtFs25t3X2TJGwnEYhCmMct/EOilsBavxVuadEW+A2AG4UdIHThbSP8ACs9FFZDGzZrQPBMF7nZK8BhkdGUD/wAor0EIHRI/CvtFEsFVfOFP3R+FfC00erSD7UivVFSwUWBdvgOcnIMdX8zST/hSdVgsSlcZs0Li9IYSD+O1L6KqY2HIC6HEYKZciEu12V+ZZQ4HowDgaT5QWkEcQ2PLpvSRzUPDmrai4PXuISUBXgUrCneL7vAPK3+FbLWbDsBxG95ZDYkxbZbHJLuxm+JpKwo+ggb7n070jWyOo431INmNBJ2JsBvcAbk24DKNC1srhGRuTtgZ7StIt12z6bHdvTdphmM6vijwHlFp/wAF3Hi6An0EV9d1LxuPBlm+pctsqK0VOwpieFavUnuWD6vwqY9V8ZsWK5Uu2Y/LadYS2njaQ4pamXANlJUT3789tz1rS9NNFxr/AK62zGclcjxsaxtlN1lx3SkPXEb8m0JPNSNwOIjcAdetZUHSzJui4+lIHO0PaDZw337OB8SOXNN/Zf8AkuppAAQeB5evqpZ7CXZzamsSNeM+sEdCryhbditrrI8GzFVuC6UEbbrHIerf01uGqPycWjea3KRfcFvl80/uMlZW6m0uByGtR6nwC+nsSpI9VWsixY8KM1DiMIZYYQltttA2ShIGwAHcAKyV4KStlfIZAbXW61oaLBUkw75N6845d2rhN7R9+W2yo7G32luLIKTyIDpcXwnbv2NWj0u0YwDSC3vQ8OtKkyZZCptxlOl+ZLX9511XM+wbAdwreKKDJNJL8R+norEk5TdffoiPeD8jRRffoiPeD8jRUZhCdlerA8uTYbbIc24nYjK1bekoBpfRRQiiBFUx1zak6sdr+x4Tc1pTYdNrW3e/FlKJEqY+PIXw7bbJHLn6BRRW57Osa/pFgcFl9MvdHQyuabGyjHNbs7e8puNwcKtlPKQgK6pSnkB/SmOiivqRyvPxANjaByCKKKK4iIoooqKIoooqKIoooqKIr0244y4l5lxSFoIUlSTsUkdCD3GiioQCLFRepEiRLfXJlPuPPOHiW44oqUo+kk8yazXyfd8SxCLrRi0wxL5p5cESOuwmQXSA7HVyO+5PLcbDffuFFFLVUTHUz4yNrYXOscyWNzTvqHmbFdFsNyNrL8UtGUsR1sIusNqWGlkEo40g7cvRvTxRRXxxwsSF7FFFFFcUWsah3p2xWVmW0ylwrlJb2J25FCz/AIUUUUVmEN2V/9k=', '2674046910@qq.com', '2021-03-25 22:00:51.000000', '2021-04-29 00:19:56.357000', '### 个人介绍\r\n在简历中，有一个特别重要的版块，就是自我介绍，也可以说是HR能真正了解你的版块内容。  \r\n\r\n一般简历中写自我介绍的部分，求职者写的还是比较全面的，但是这还容易出现一个问题，就是写的太多了，出现了赘述的情况，让HR在筛选时抓不住重点，从而导致错失一些比较合适的机会。  \r\n\r\n还有的人，把自我介绍写成了获奖感言一样，出现很多表达情绪的语句，占用了大量的篇幅，这样的话也是HR不喜欢的。  \r\n\r\n自我介绍最重要的一点就是简洁明了。了解企业招聘时最看重的点有哪些，将这些点呈现出来就好。一定不要写一些没用的内容，比如说自己有什么好的品质，或者是自己的优点缺点什么的，这些东西主观性太强，你写出了别人也不一定相信，没准还会觉得你这个人特别不靠谱。\r\n\r\n我们写自我介绍的内容，首先要规避的就是不要拿网络上的范文进行复制粘贴，这真的坑了不少人。比如：“本人性格开朗，爱好广泛，在学习期间进取参加各种活动，多次组织一些学校活动。进取向上且对待工作认证负责，有上进心，勤于学习能不断提高，喜欢向高难度挑战，提升自身的本事与综合素质。\r\n\r\n我是一个很有时间观念的人，能进取认真做好每件事，抗压能力强，不怕辛苦不怕累，更不怕挫折，待人真诚，善于沟通、协调，有较强的组织本事与团队精神。期望贵公司能给我一个学习和锻炼的平台，我会好好把握。”这种真的被用到泛滥，HR一眼就能看出来是复制过来的。自我介绍，一定要是简洁并且让人感受到真实的。  \r\n\r\n案例一：销售类我具有较强沟通能力，对待工作踏实，积极主动，愿意吃苦。我是非常喜欢销售这个工作的，因为这个工作能学习到很多的东西，销售工作虽然有时候有点忙碌，但是很充实。我缺的是一个表现的机会，我一定会好好努力学习，做好工作上的每一件事。\r\n\r\n案例二：营销类为人处事踏实肯干，交际能力强，执行力过硬，诚信正直，具有较强的责任心，多年的工作性质让我拥有一个较广的人脉网，服务意识和团队意识比较强。\r\n\r\n以上是我从事营销类互联网类的工作中锻炼以及展现出的个人较为合格的优点。在锤子简历有很多优质的简历范文可以参考，不知道怎么写的同学可以在上面找找感觉。\r\n\r\n转载自知乎\r\n作者：简历设计师\r\n链接：https://www.zhihu.com/question/445997549/answer/1746818785\r\n');
INSERT INTO `user` VALUES (7, 'testModify', '202cb962ac59075b964b07152d234b70', 'testModify', 1, 'data:image/jpeg;base64,/9j/4AAQSkZJRgABAQAAAQABAAD/2wBDAAMCAgICAgMCAgIDAwMDBAYEBAQEBAgGBgUGCQgKCgkICQkKDA8MCgsOCwkJDRENDg8QEBEQCgwSExIQEw8QEBD/2wBDAQMDAwQDBAgEBAgQCwkLEBAQEBAQEBAQEBAQEBAQEBAQEBAQEBAQEBAQEBAQEBAQEBAQEBAQEBAQEBAQEBAQEBD/wAARCAC2ALYDASIAAhEBAxEB/8QAHQAAAgIDAQEBAAAAAAAAAAAAAAYFBwIDBAgBCf/EAEUQAAEDBAAEAwMKBAQFAgcAAAECAwQABQYRBxIhMRNBURQiYQgVMjM1cXJ0gbJCUmKRFiOSoUOCorHRJMEJVGNzg5Ok/8QAGAEBAQEBAQAAAAAAAAAAAAAAAAIBAwT/xAAcEQEBAAIDAQEAAAAAAAAAAAAAAQIREiExA0H/2gAMAwEAAhEDEQA/AP1OiMtx4rLDQ0httKEj0AGhW2sW/q0/hFZUBRRRQFFFFAUVi44htJUtQAHrSNdeLdkjHlscSVe1FZaQqJyJZUsHRSHVqSlWiNHl5iOo1vpQPW61SJcWIwuTLkNsstpKluOKCUpA7kk9AKr9hfFrJHQ9LlWvG4R7MxGlS3yPUuvJQkfcGjr+Y1C3vhpjtzuDELI5dwyyYVhYReJHtEZk99iPoND/AEbHr2oJy58fOFcEOphZWzeHmm1ueBaGlznFco6gBlKhv9aSo/ynpUttuS3gSI7b4JZZlXhtEggdwpCG1pSoeaec6q28ex602CCIFst7Uds+8sNthIUo9ydVGXvhxj1zdelxoqYkiQeZ0tJAQ6r+ZaOxV/V3+NBp4d8VbBxCjPKiKESdFc8KRBefaU6g63sciiFJPkenbqAelOwUCN+tU/ecLuLDamrnb2rnGCeXTyPGRr8R2pH+4pZfwS2uyGX7VkOVY9LQB4XzffJLbeh6NKWppQ+HKR8KD0NsHzr7VKW658WMcG42XwsnYR/wLvDEd5Q9BJY6A/Esqp2xvijaLzPZsd1jPWS8PAlEOboB4gdfBcHuu69AebXcCgdaKxStKhsKBrKgKKKKAooooFzOWEyLSyhRIAkpPT8KqK25l9ltfmE/tVRQTjf1afwisqxb+rT+EVlQFFFFAVg44ltBWpSUgDZJOgKzqvcldmZjkK8RYdLVlhci7s4lRCpK1dURRr+EgFTh6HXKnrzEgIm6GbxinOW2JLkRMPYWW33GXFNruygdFIUnRSwCCOhBcI8kg8z/AGmwWeyxWYdstsaM1GbDTSWmgkIQOyRodB8O1a2XLfZX4NkYYUjx0qSyG0DlSlCfPXQDWgNdPKpYqTr6Q60HNdJiLdb3pZGy2glI9T5CoLEYPiKl3aQoOvOOKZ8UHY6H/MA+HOCPuQn0qN4sX+ba8fS3Z1tGW88lCVK0Q2pIKxzDfYkJH/NTFYJNtgQoNjE+KuUhgAtodBUtQA51a3vqokn76CYSkDt6V8qPvmRWjHGEyrvJMdlR14haWpI+8pBCf11XPMyuCxCh3CK09LZmvBlBbSQrXXauU6JAAJPnoUEvyp9Kjp9nZfB8NtvSjtTak7Sr/wAH4jrXZb58e5w2Z8RfOxIQHG1dtpPat/n1FArITbbe4I9wjMpSpYQha07UCT0Cj2I8grp8a6rpheN32Cu33WyxJMdZCuRxG9KHZQPcKB6gjRHlWWaQFT8elhhpK5DKC8yk9lLT1CT6g60R5g1lh1yTcrK04lzxPCJa5idkgdUk/EoKT+tBAsm78PZbbE+8PXLG33ENNuyjzSYDijpIU53caJIG1e8nuVFP0XxCuZO9g1wXm0xL1bJVsmthbMppTSwR5EapY4Z5DOmR5+KX53nvWNPJhSXCeslkp2xI+9aB73lzpXrpqgeKKKKAooooIHMvstr8wn9qqKMy+y2vzCf2qooJxv6tP4RWVYt/Vp/CKyoCiiigxUdDtSRhXgTlzJzCFtmVcJrylFW9ltzwB+nubHpTjOdLEN54d0NqV/YbpK4RJcXh1umvNqQ5MYEtQP8AM+tb6u3bZd/7UEVGuK5dweVds2dZmRFvQxGgxELfS2F72fdWdqHJ10O3SpjF4EWJkcpcZ+5O+0QGXFKnuuKdJC1jqFn3fuAFfG2c1YyC8RLWxa4lvfdRJZmyy48pSlICVoDKOTokoB2XB9LtUc3JulsvUqfKvXzm45G9lC24yY6Wzzb90Aq2PvJNAq8TbDDuWXTXXYDb7qTa2klQ3oOSghXQ9Po8w3rdMWDwYbF+siI8dlPJarg6taW0hXN7U2lIJA66BUP0pTumOTrhdHJ0jLb6ta1xAvleaTsodKkdEtjsTv8AvXU1ZrRjy2psjKbpFLDRbC3rupkJb5+cg6UnpzdSDQOfEy4Num3WFjIhFfky2S7HaaQ+6poKCiooIKte76a69aRsg9icyuFIetzdzYL5UqQw+9FeU64jwAlZSoJTpxxBKk60CdgEdZOXxe4XuJlR52X4i27La8CQ8zemWH1o6jXOlYUNbOuvTda8dcsWTSLrbY2W2x6zP2wQLa3bXG3HIiFElzmUglKuUpQUq0PpHfbZC08XtqrPY4kBxsIdbR/mIEl2QErPUgOOkrUN+tStR1hhz4NrYjXK6m5voTpUsspaLvoSlHujp6Vsu91Ys0By4SGJDyG9e5HaLjiiToBKR1JoOl9AcZWg9iCKTMAUIcmVbgRyutpeGv50KUysf9CB+lbTxbwNlPNd7s7ZgB7yrrEehoQfQuOpCAev81RWI3m13HK3F2W4RpsP2mUw3IjOpdbWlbbb40pPQ9efzoLGPUaqreINvkYjxBxzilbStDClfMV/bT9ByG8oFp5X9TToR73kla/I1aVR2RWyHebFcLVcGEPR5UVxpxCxsKSUnYNBKoUFJ2KypY4ZSZc3h/j8ufKXJkuW5jxXlnanFBABUT5k63+tM9AUUUUEDmX2W1+YT+1VFGZfZbX5hP7VUUE439Wn8IrKsW/q0/hFZUBRRRQLnEOcu24Re5rZAW1BeUnY315DWjDmollxOA0680wxDitsFZUEoAbQlB6nsNoNdWfx2JeF3qJIcDbb0F5BUSABtB11NV1wxxnIsix+xu8S2w7cEQmZL9v5uaNFVr3QUdluKO1qKt8pGk6G9hL3HPLhlDrlv4fWCbdmEq5XJ4IjxFfBLy9BY9fDCq2QsAyq4DxL/kTdua6ajWpoKcHwU+6CCPwtpPxqw0tIaQEpASlI0AB0Ao5kgE7AAoFFvhdiIWHJkKTPWCDzTZjrw3+Eq5f9qko+DYdHVzN4nZkn1EFvf99bqYVLjpPKqQ2D6FY3WaXELHMhYUPUHdByCy2gNeALVD8P+TwEcv8AbVQN74V8Lrw0V3rh3jMsISRzPWphSkjv0JTsfpTXuofIHnpK41nikgzFHxldfcZH0z08z9EfFQPlQV1Y+BdhZhu3DHL5kmKPy3VOxxZrs6lphvsgeA94jJ2BzEKbI2rXlWqda+PFhjx4tylWjO7dFlokJfYZTbroW0EkIWgr9ndVsD3klod/dq32WktoSlIAAGgAO1ZnRHWgoKfx9xZCnfnSdecemhzlVEvdpdb8FYPUFQ5k62B1GxrsetY43muIXbiUxPxty0qDMaMZEi2lpSHFPO+FtfJ1CveP0uo1TtxdVghsj7mazbV7I0gkNSWz4xV5BooIXzE9BrzqnsT4S8SILEjM8DlQpLVyYQ2zZr/vxmmQsLRqWjaubYBCXAsDeiaD1UOornuCkogyVrICQyskny900kP8SpkCAg5Fit4x+VrbvtEf2hhPrp5grRr8RSfgKWrzxRtNyx26zrbl9tmIZiPFSWZjZ0Qg9CAelA/cJ3EO8NcbdbUFIXbmVJI8wUjVNlI/A5p5ng5hSJDZbc+YYKlJP8O2UnX+9PFAUUUUEDmX2W1+YT+1VFGZfZbX5hP7VUUE439Wn8IrKsW/q0/hFZUBXzeq+1A5pkH+G7C7Pbb8SQ4pEeK35uPuKCG0D71EUC/k9yTfL4qzuyG2bJZAmbdXFHXiOD3m2N9gOnOr4BI/iqWx24GbGVcIDAdXLV4pWoFKEpPYb/i6a7bG91ljOLQbNYk22YhEx15RkTXXgF+PIUdrWre99eg9AlIHQCu6Tf7NDQt12e1ytDa1JPMEj+ojoP1oMzEmyNiRcHEg/SSwAj/c7P8AYigWK1q5fHiJkFPYySXiPuK96pDkfKC4bGS5Dsl3XfZDX027Qyudyn0UpgLCf11XO5xnvEk8tp4b3xwnsZAbZGvXS1JP6aoLK+a7ZrXzbF0P/op/8VzyMZsUjmULYyy4odXY4LLn+tvSv96q+XxI4uyOYW/BYDAKentFwbQQfvT4gP8Aao05Zx/UjarRirZ35Xt0a/8A4jQW03j0mIom35BdGUdw286JKd/e6FL/AECgK6LbbpEZx2TPmGXIXoc/IEJSkdgkDevj6150yPjdxaxK4It97TijKlRly3Fm/KShlsKCQVqVDGuZStD7jUk18orM7TbI94v2Gx1wXWwoSmb3DS04Ce4U+WenpQeitgdzSRxT4m2bhxYnLhPcUZCm1mOwNAuKSN7O+yR02ry3VWQvlSuZIpcSxWN8u8/J/wCmTEnqRvzPgzCn++qlsMwpHErIV5hlXtao9ukJ9mhTggvvPNkKS9I5eiUpKttspPKk++dq1oI7CcHvHFS+DiHxOjOt+6FW21qK0Iht66OrGwfFV10kgcoIJAUdJvyEzChIbtsUJQG0ApQnySOlZtwo6GfAS0kI1rWqTwu44rcbvebu3u2W6ABFd8UEuI5iopI8inoB6jVAyZBIdgW924Mjm9n064j+ZA+kP7bqmM14Y8IeOuNyxkGIR7RcpClpgXNuKliUshrxEuJdQP8AMSUgkgkggGrCY4mY/OkOQXXkyPaLibcy2z7x17OHSpY8hy8x391JvG3I7fivDJS8VPscqyoD1uQ2jQQG06UlPp7hUfuBoHHgne41y4eWq2tymnpFjjt2mWW1JKQ6wgI2OXpyqACh8FCn6qp4F4McTj3q4XTE4lqvNzl+LKmRlbFwQQFJdOj32pY6jfxNWtQFFFFBA5l9ltfmE/tVRRmX2W1+YT+1VFBNNk+Gnp/CKy2fShv6tP4RWVBjs+lLnEDGZ2W40/abZc/m6elbciHKLYcSzIbUFtrKT9IBSRsbFMtfOnnQeYM0yTjxjuV2LEMzveLz7Zc0PvzJlot7zEtlhsD3v8xa207WpCfonv0ptPD7E3lJXcbUm5uIO+a4rVK6+vK4SkH7gK4eLdjuPEfIr9Z8dmLju2e3IL8prRKOU+KGB8XFBvf9KT602Y6mZfsateQxYylsXKGzKSQQdBaArX3jeqCtr7c73Zc5JixX7fjluRAS86E+Gw8pxboLaBrWgeQqI7e6POnmHdo71uhXN3/LTNQ2UjvylYGgT+tSN9wx/JLNLsk+2vqYmtKaXocpGx0IPkQeoNJanW0w8kwRC0iRiNtjFS1r0t1ZRtJHxBCOvqazK6Dq66ltBcWpISkbJJ6ADzpFzPi3YMUscC+KPjtXJxJYSnuqPsc0jQ/4YBBB8+ZPqK0ZhMmZRw/Ystul+x3nJJPzGWdkOxntKMgKGtjlbQtQPmOU+dJeL4Tc38bh3XN8eeMZi1Q7G2l9rmDCIraUOEpHVIW6lR3rXKhHWueX0sm2yW+KA+VfmXEti02CTiTrFoe4o3hNrRc35YYVEYbA8FCj3aT75WpXxrw5xP4W5li3Ei6Y5mmXJyG52OT4C5wui5zK1BIV7ilb2BzAaOtEEeVfqfx/4Z4vxf4TyscueQw7M/b3kXG03F5JMZt5IKShxSQSlC0kjmHbv5V5dt3Bq9xrfHsMfhDdrqtSfCD1vtgnx5CyPpJlM8zRB78xWNDvrVVhnymyyxVPySPkncPeMsXOpWXXLJ4MvG2mZcSdZ5KGOULS4SFBSFb6o77Fe9P/AIacy62fELvjV7yC4XJqRqbb3LjIU674TavCV7yumtrR0H6VXOPW6zfJV4H33hvCubN74n8SnOVdttjqXza2SChLbi09CUJUrfqo9NgbpqsEW4cI7VZMdtjep7OOLdkrSPdbKZDL7myO+yjkHqSK3l2x72HeqZ4+5Hk8F6Li+PsrUjIIq4Tr6Ec/sniOtoDxGiNJCld+nbfSnq+Z7brfgrGYxHG3E3COw5AQpYHjOPBPhJ/UqFVS9lU/NMjcxyQVsXT5kkSGFpTyh+Kt1pTa0/7pPxA9a3K6mwl2jgRa7UtRwTj5e28yYXIdgqkOR3Y7/MoqCHYq0e+kI2gqQpJ11BFQeYqzrjxbsZwaHZHLVdW7i6m8yWll1mG8yJDK0LSPeDLpQSlZ8lJB6qG2iJjv+D7kvKHWPZI8Fkvyn5DZ2go6+KVqHQ65gfXdNXyXsHyBK7xxfvdweS3mrsiZCtbrHIYcVyQVtEq7kqQEqII6b6edRhlyov8Ait+Ew21r6CQn+wrdXwdq+10BRRRQQOZfZbX5hP7VUUZl9ltfmE/tVRQTjf1afwisqxb+rT+EVlQFa5CFuMrQ05yLIISrW9H7q2UUC1iWFWvErY/CiBbz859yTOkvHbkl5w7UpR9OwA7AAAdqqpORzMQxV3ALShSrtGv78K2o8vC5jKSD/SGlFP8Ay1fVVyeHL7nF53PXXWvm9FsLTUbW1KmqPKp4+mmhyfHm+FB2WXiXZLq2y4iYyG1yW469qA8MuoC2Ob05goD7+lUjm+O31jLM2vtnaLz7d3jCeyfpLtrrTB50Dz5Fsk/6q1Dhxe4t9v8AZnHhEmZMHZFnbnDTUhLDqwqO4B20nwloV1IAJ1oEF3wCyZZ89IyG/O3CJITBFunW+cht1K0pJKFtSUH/ADEgk65hzAK0euqnId0PF4N8zyJnCkOMSLX4nuDfI/ztLbStXlzpStQB76JFPbg5+g7HvSbeeIU603l6zw+G2XXXwAncqJEaTGVsb9xxxxIVrsdV2WHNbheJ4gS8AyW0JUknx5zTAaHwJQ6oj+1eX6bi8K4L7wux65THJ9sU9Z5ro045DIDbv/3GTtCvv0D8aqDKfkvwXH3JDOPw5rLuy6u0yV259XrtvfIr9FDfpXpIo0eY1ipZ66Gga5S38dpdzTzfw94I2TEHXUYPw2fhXBw6dl3JJStO/MvLKjr4I3urZsXCq3xpxv8AkK2J919lVGQWmyhlpKvQEkqO+xP6AU7tDrqtV3uttx+3O3e93GJboLCSt2TLeDLSEjuSpWhV4W/qMuunnrHcTyjivbscxRcx60Y3w7eTAU6UnxLjJZeW0Ut+gbYQAFHoVubH0Kd+Jeet4fMD+D4BBya+2WIWH3nbq1b49sjKAIS4850G+VPuAdgD0peuvyj8Yytq42Lg1e7e+zbwV3fJFo1AtbZClEoB0X3laVypSNb2TvtUejE7xxDwtMTh03IkY1Mu0aFJlSU8r01JcBmTHeYAq5SAjR76WNAACu27lNOabwfFM4+ULFbu/Fe+WiLj1vn6VjWPuqdYlOt6Un2mSfrkDaTyJASehO9V6VjsIjtIabSEpQkJSkDQAHYCojGMQxjDojsHFbDAtMaQ+qS6zDYS02p1WuZXKkAbOhupyuuGPGMooooq2Ciiiggcy+y2vzCf2qoozL7La/MJ/aqignG/q0/hFZVi39Wn8IrKgKKKKAr4Ug19ooFfOsBtOdWxMG4OyYr8dwPw50N3wpEN4fRdbV10odehBBGwQQdVXVzyjPuGEcHiHjcvIbUwNKyDHYa33AjfRcmCjbqTr6SmQ4nudIHQXbWK0gjZA3QVxiWf4RncP23Dsrtd4b/jEWSla2z091xG+ZCh5pUAR5ip09SSO1eU7pwkwTMuJuVZXmcidd8ntt+lR4kVu8PQlJhIaZWEstx1tklIc3zHmJPc9asSBidxsUMXPGONWWQbXyeKG7jKYuLDaB/XLbU6B8FL6dq5ZYbbLpdQ6pFQ+VXxvG7O5cRFXKfKkMxYyPpyH1kJbbT8Soiq/wAM4g5BfIM0u3hqYqDNciiSiOlsPJASUr5QAASD5DXSmHEnZGS5slqe+ZDdlj+1qSr6KHnNpbOu29Bwj7q48HTnZ4jsRtt9z96Y3kuf3K2zYDnhTLFbGG4hjEjY24edxxJHZaVAdx3BFN8PglwxbkomzMUjXSUggh+6LXNXv128VUn8R8LyFjK2cxwYmJfYfvsOe8GZbR+nGfA7oV10e6Toiu22cW8kyqIiDZ8Ivsa8pPhzYio/hIiODoeeS9pvl8wWwskaOq6z58fE277RfHnh7jEB+z8VE4nBnf4aX4d0hpjJV7ValdHk8mtLLQPioHfaCB3q5LFb7RbrXHYscaOzCKS6ylgAI0slRUNepUT+tVZdOE2UZehf+OM1XabaRt6LZHFB55H8SXpj23OQjoQ2lsaJpcxLiZcOFl6dxi+IuF64dhSjacnYjPPot4/+UkKCSVoT2S6NjWgT0q5NIeiwBX2ojHcrxvLICLnjN7hXSIvs9FeS4n7tg9D8Kl6sFFFFAUUUUEDmX2W1+YT+1VFGZfZbX5hP7VUUE439Wn8IrKsW/q0/hFZUBRRRQFFFFAVqkPsx2VvSHEttoSVKUo6AA8ya+vupYZW8s6ShJUT8BVRXS2SuMVoVc8xmqteEuElq3RJKkuXBsLI55TgA02rXRlPcd1HfKAobIcLvOfcU82zfhtZZ98ddkRFYxe4hZbgw5Y8NMlanlrSVo00EKCAsKBIpyvl4fNo/w7fLYi3X1d0hN3K3jSm+ZTqdutHsptYSSD5dQetek7dbYFogx7ZbIjUWJEbSyyy0kJQ2hI0EgDoABVTcceF8XPcswWTFlTbdOYuLiHpkF4sueyBlbik8w/rQgj0PagVbw1PhybfZsVU1CuGSXVDBkLY8ZLZUnbjnISASEI9ddKufA+H9uweLLDE2XOm3J1MidMkqBW84EhI0AAlCQB0SkADZ8ySUDGuGlqxXiTaXPZrhNlIakvpmT7hImKSAkJCk+KohJPNroAetXSk7FRx7bsBCfSsFNJ1vt1rZWmYh12OtthXKtQ0FenxqtG0Dd7BGy4tx7m8tdsac5lxEkhEopPZ3r7yN/wAHY667HSmBqMw0ylhtlCG0pCEoSkBIT5ADtr4VjGZQwhDTadJQnlH3VtUdJJ9KaYpTPbC5wmze38XcSixYdplOpg5dEZbDaHYy1aRL5UjXiNrIJV3KCrdXcy6l1AWlQIUNgjzFUlfLrxP4yWi52HGMcsdix6VIk2169XSYqW84224ppzwobaEjZKVa53QPPR7V1KjXjgVb7Fcp+a3W/wCOw47VsvCrmpJVHbASlqWjlACQggJWOu0rKiSU9dFz0VrZdDqEuJUFJUNgjsR61soCiiiggcy+y2vzCf2qoozL7La/MJ/aqignG/q0/hFZVi39Wn8IrKgKKKKAooooEzjFlLeHcNb/AH4q/wA1iGtLCR3U6ocqEj4lRApdy2PGxrhhjsOW+YUKHJtTctxz3Q02lxvn5z5D1J+NLHyorazebnw1tD8t5CZeXQU+Cg+48A4CUrHmNbP6U/8AFxiLOwiTBnBCo0iRHbfQpPNzNl1PMNdz09KCbj5hiUpJXHyqzOp2RtE5o9fT6VczlyhzsmtJhS2JLRYkq5mnAsbHKO46edQlvzXBrhYxLCoYeba5A2ttK1c4GtJUnYV2/hJ/TqK+Y+2x/jGMqI6hxhMVwbTroS213159KBgdIObxW9Dpa31D/wDa0K2SLrdXrhIt1mTBK4yUlZklY6n8P6Vzz3EtZ9akDu7bJaR6dHGT/wC1Lkq9zceyC9z0WeXOaElPiORmfF8JKm29ApSefQ5SdhJHWgbFLyhDTj8qdbUJSgnkZirKt6/mU5o/6a5MDyG43y1y1XhTRkwpbsZTjbZbS4gAKQvlJOtpUD3rjlZfMlIRDttjnSH5KSEp9lcZAGupJfDY0P1rg4aQrvGg5FBuYbEtuUG/cXzA/wDp0AdQB17b6f3rNh/YkMSmUSIzyHWnBzJWhQKVD1BFZntSvwykB3B7THUAl+EwIclPo+17i/8AqBP3EU0Vo8+Wey8dbfl2W4ngWb4rb7JFuBlsIullekyGRK26rkKHUJKecr77pez/AIMXjIcYn5RxI4r37JrrblrRFgBDUG3RpKT7ivZ2htetpUOdR6HrVsXTIbFhnFS5zL/dY1ujXOzMOoXIcS2hxxl1SdAqI2rTnaqp4r8RJSrTlYxKx3C/vzY6no6YjRLEcBohby3VgIOuVJ5QSo9gKD0Dw3ylGa4NYcqQyGTc4DL7jQ/4ThT76P0UCP0pnqv+BNug27hXj6oF3Xcmp0UXD2lSQgKVIJdUEpHRKQpZAT5AVYFAUUUUEDmX2W1+YT+1VFGZfZbX5hP7VUUE439Wn8IrKsW/q0/hFZUBRRRQFFFFBTXF1iPc+MXCa1rO3GbnNuXID1KWYq9H9FKR/emristUfEVTQSPZ5cZwkHX/ABE1WaLy5l3y1H7U0AqJg2Gc6lbOhJmvgFJHbYQyk/8ANVm8XJ8OJwxySc/p1EaC6pXKQSkgd/gQetBGSLDhmQY4b5OxqyvTQChb7sJpToWhRSr3yne9g1I41arXaMomwIjKEeCwy43ygJASsLB0lOh/CKQ4mM59ZojrV6n2i6sztLbdaadj7QUgbUPeAWQBza6EjYA3XTjDmSxOIcFy5OQxFlRwwltpa1rPJ5kkADqvto1FFjXpPhZLYZOu6n2d78lNk6/6RUfcFG23e8tnaRcIIkNH+ZbYIUPv0U/2rvy9QjP2KUV6CLo0gnW/p7Rr/qrmzOySL7HYZajPqejueOw4y6WuQ6IO1jr1BPTXUVuXgRZ98kPPWXI4sxS2VPgLdS5tKEOIIB+4K1Tvw+lquHzvP2hbb8tJDieyyG0g69e3lUdY+HUeSB8+tvOtIIBZdcVyq1/TvWt0/MsMx20sstoQhA5UpSNAD0AqcYK1iyLphvGB60OuNmxZawqXETsAszmgPFA/GjR116p361YUy5w4LjSJDmlPK5UikvjRZlTcU+fYLyWbrjroukBwq1/mNgkoJ9FJ2k/A1vekDJcZtGWR0K5Z0NiTrl1pLiAodPLvXQM1xscC6usyZTKHFM9W+ZIUBv0rB7HbW/HdZXEa5XkKbXpAA0RrsK0Y7ekzGREeIDzaemz9IVz3K43W33UPqQtUT6PJrSSPX76BL+TmqdZseu/Dm5pV42H3R6CwogDmhrUXGD0/pUR/y1boGqpJmdIxH5RkdSpKvmniDaVJbSQQlEyJ7wHfupC1/wCn4VdoPb7qD7RRRQQOZfZbX5hP7VUUZl9ltfmE/tVRQSluk+12+LKKeUvMoc1vetpB1XTzCiigOYUcwoooDmFYuK0gn0FFFBSXyeMciSL5xG4nSPfueT5K9EUo924sIBlpv+/Oo/ePSl35Stzk2PAc/EJ5aEm1vFaR2USj0oooLhwWUnI+H2O3SWyk/OFpiSFpV10VtJJ/70p5vI+YuIGA2+Cnkaly323OvVQ0k/8AeiioobeIj4j2u3vlPNyXaDof/nR/5ppSnSRvqaKKsfaKKKBEzaWq5e0WwpHhJbU3yq7KJBB3XDwPvyLvwjsMp1CyIcUwHOYDajHUWiR8DybH/tRRShUwXK77xGzW6Xq0qjWrHLGv2RMMo5pEqQo78RauyEhIOkp7k9TV5eGh5vldQFAjqCNiiisgq3jZZoPzjw/vrjZDtpyqF4XIeU6dV4Sh92ldvhVsJUD0FFFaMqKKKBaz59bFnZWgDZkpHX8CqKKKD//Z', '265688@.cdldc', '2021-04-05 00:41:42.139000', '2021-04-29 00:26:53.956000', NULL);
INSERT INTO `user` VALUES (8, 'Ming-ing', '202cb962ac59075b964b07152d234b70', 'ming-ing', 1, 'data:image/jpeg;base64,/9j/4AAQSkZJRgABAQAAAQABAAD/2wBDAAMCAgICAgMCAgIDAwMDBAYEBAQEBAgGBgUGCQgKCgkICQkKDA8MCgsOCwkJDRENDg8QEBEQCgwSExIQEw8QEBD/2wBDAQMDAwQDBAgEBAgQCwkLEBAQEBAQEBAQEBAQEBAQEBAQEBAQEBAQEBAQEBAQEBAQEBAQEBAQEBAQEBAQEBAQEBD/wAARCAC2ALYDASIAAhEBAxEB/8QAHQAAAQUBAQEBAAAAAAAAAAAABgAEBQcIAwECCf/EAEMQAAEDAwMCBAMFBQUGBwEAAAECAwQABREGEiExQQcTUWEUInEIMkKBkRUjobHBUmJystEXJDOC4fAWJTRDY2SSov/EABsBAAIDAQEBAAAAAAAAAAAAAAMEAgUGAQAH/8QANBEAAgIBAwIEAwYGAwEAAAAAAQIAAxEEEiEFMRNBUWEicZEGFDKBodEVI0Kx4fAHJFLB/9oADAMBAAIRAxEAPwDHUC/3S1zZlntlzlRoanihTLTykpVtUcZANWHcmlyNKMXWHfJQeQS3Ia+IVkHJ2kc+1U88tSbvJUOSZS/8xo0i3BfkJijJJGMD1/7NVuqJLA5mx6KKgrrYucjj2Mhvir2mQsru0w89PPVx/Gu37ZusYea7dZYSnnl9X+tPn4aorqmn2lNu5yoLTgj8jUHLSm43JMFBJbbILmO59KIluRiL6jSBDu+kMrVer4bd8XIukwKewUgvq4R271a3hTqCDZYi510vi/iZRzhT5OxAPA61UYbceCI7Iy2nCc9Pr/pR/pi2xPLQUxUkgDJIzSlrK2Qxlhpa7NMAyr+Z9ZqPRPiHZJLKmGLyhSgQcKURx65NWNJjNXDyVRb0tCiQohLn3xjtWUIzqYYAQoIOPup/0qStuprwLg2LemS5IYIUjCj8uD1PoPrVS9bs25DgS2p6kjKarK8se2POWTq22XZvVi4CZMqSpxO9kKWUgjGSOvtQi/fZ0mWbXDekKeQrY4dxCWfqfb0qVZdmapuROs72+08U7mTHO3yVe5HavYdiY81bDj4cbUo52ZG/3J65qYsIGHPMNX0lrLPFtUhfTz+R9P1kdG0pdLppC9plB2bNBLkSVHeWChW3hKucAAj+dVYwnxYtB2KElxI/tSSoH881qnR9vXaYThtcBpLIwpaMfeHrTxq1sPPKc+EYw4onb5YwKWOuurJCLuH0jVuk0WQVyh9j/iZ70pqLXsZ4OuNOs5wFYeKqujQl/wBQTZQVJku+W39/cCBzx+dGzWlYbjYactzQ8wZG1oDI/SvWLCxDBRFGB3TS2ovtsG4Lg/Ocr8EnBJI9ZNxJqnSn5yU91Z70piS6N7Tit3oD1qNYdfj4RtyEg8DrSMh5xYISrJ+6MUEO/Zoyvhqc1zyRHnObW2io+Yduc9PrT6Javh9rJWtSjypW410Dy9iDtwvpg1ItJcVHQ/sKTyFJ64x3/PNSA84xZqmwEA4kZMtJH7xD7mO4zUXIeYhOpS44ok9AVVOuSVlLgSjO3IIBqndS32Q1cXUPKDXzYClrwAPc01RUbDxEX1LlSrdpZ3xNxfGUyEpRnkJOTihbUd0lxQuLcJan2HQQkJOFpNVL/tyttjufwUu6ltLS9q1oXuRiiOZrLT2t7JMu+l5jkibDGFJVxkgEgfng1YppL62DODtPnEzbSFKrjMhNWwWJzTaZrAcCHMoLyQSBg+tKqsuXj7pa4EMTLqlTjeDhR5HYg+9KrxdFcowynP5zPXaylnyrjH5TK1xV5d3k7eAmQs//ANGpmBcVpWHkK2qSQQagr2Si5SikdX3P8xrtEmPRk4QgLCklCsjPUY/WoOu4RPS2eEcGGGrNVO3Vg32fczMuUlRbdJRg/KAEnI4P/So3Rtoky5GVpO5w71q7hPrXunrG3c5DDG3LgcO4EdTtzVo6ftMKyWe4XiYkIQw3lRH9kdf5UpZYK12L3MvdDom1FgusOEWRTNvdLgdYiqWB8qQeBgUTWhV5BDRAbHTgYxQPaPETUF+fUYkGMxG37UI8vcrHuc9aOYLc6TtcnP4TwdqOBXk01n9UONZo9Sf5QJx9IbWuFEQEuTZZJVjcltOSfzo3ssWEtoogNKYQTyfxqNDmhI0O+XaJa3CEJWrCjnnA5x9TRRe4r+m765Fj4DBIdaH90/8AUGlbVAbw/wCrGZd6MpWNyKAP1+sll2xduwwqMpoqAWAocqB6GkyC04CeBkU0lall3R9uRLWpSm0JbAJz8oGMV1auLD0htotEJJwVGkGrYHmXNd2UwRLDsF5jRnW0SHihpQwSkdqPNPQrJKEmSh7zmWxjJ4wPUVVc2GiF5LiFbmnWwUYPtzT23ahegsLioSUhYwSDwQfWu11713LM9rEBbbnBhhcNUle6Na3EoabUpKSDklOcVFuane85Ed1aQpI+9jr9aE1lZcK2lqBJ3A04iR3HNz0kKKjwKE9eW9ozVTUiciGjF4jYL0wYQnlWD1pzcdfRGvLhs29k70ZacT0SnvQqvTkyZE+KZSV/LhI3/wBK7WPST04qj3AOslKSAr0BqPhqB3gWprzuPGJMW3XSIk9Dk+3tvRFKBDiRyn/WpK66rCpkWXaw4mKMlQWghKs44NBkWwvM3FNndeLrRd2/Ic8euatC22i2iF5T60PIbASUqxjA9a9dZVp9u7uYi4HiMSYwbvludjPSk7N7iM9eEKx3rLHj34kWKOxMtKH2ZMla8ANDBbP1FWn49X2PYLWuFpphgeaoIdUl3aQT+GsEapvE9d3kquPmqUpxQyocAjsPUVsfs70cakeO/byHnM31fq40+ETv5nyjK83F1+4KkMOOFBGdqjnCvUV8RdV6vszMlqyXmTDTMSUPhtXC01Gt3Blx8h0KQsdQoY4qRS9EWjqPStlsWvFZXImZN7XHfvwYLs2mQ+8pbjyASCSVd+aVTq1teYdqRilTjFWOcSqNZB7wcveTdX9vQPuZ/wD0aeQkoUpphPJLiSaY3NaVT31JPKn1k5/xGntq/wDXsE/2xXztxhZsNO4Ng98Qp0XLLOojg/icA+u0irKvcOR/sslOJUVOSWiOe+5wiqhs0oxL8pwKKSl1RBHGOa0FZXoeodKCE8UENFrdgYBwrP8ASq+07XVvlNd0tfvFNlWeSCPrADQ+lza7bH85v5lJDiiR3P8A0o6Zjb8JSO1SUO3xXkKYbIyCcJ9BT1i1FCUupSQOisjuKm2sz8J7y803QBp0DIMqBOdpjyIUhmVHcW262QoKTwQfWrEtzM3Ub6nblcEl0NFQW5xkAdBQ/CZUhtLxY4PQipuCv4pC2GCrekduCKRvuZjj9Zb6bpybDYv+P9/KJqMOMJJyacphrQnzVtkIBwo9gadNRZEeOkupBUn8Q/rXFcmQ4SF5SD1GODQ2OTxPeG6jnGD/ALg/vJ23qUtCEuPqUhKcJSTwPpU/GhsyGflRkdzQDK1Na7JbXpMiQErj43jqQDnBI9OKB7j9ohu3pZgsPJUmR86FspzlJOOT2xj+NOUaDUapf5A4mN61q101m24jPtL2jsxkSfLW6ArOAk+tPZHlxj8xHPOKz4nxltTSfOcnuebncDj8VSM/xxt0qzzZn7SUXWmSpBwASoDgfrUW6HqncESrq63Uo+My/JF9ERpr9nyUpURy3jIFQ11vUxDCpLsxYWs8rKsVReivGJEqHFm3m6xnVvqwvKtpbx2IqwtUa40lK0286Lg0ouNKS2tt0cLx0+vNH/hNulsCOM+8P/GKdXW1qEA4lO68+0zrGyXSRB024x5cd1TYfWglSh9M1Wmn/tEeKenbs/c0ahky0SXFOPx33CpCyfQdvyqGvEBD78hpDxO1asFZ5PNDZt0t5l1+PGccQxy4pKSQkepre0aHSV17dg59p801XUtXbdu3nPlzC3X3jbq/XEoPyHBFawn901kcg8HPeg+drS6yo8SO8GnBEd81KlJyonJPJ79TTHvg964ONpyRxVlWiVoK0UACIPqLLGLu2SY/1hqI6kubV1RHaYPlJbUltGOR61EC4SGwRnI969WgCuCkpBO7J47etcRFRQo7Cce97GLk8meNXGQ24RvJyM80qTaGy6cJ4xxSqDlszyscT5mFs3CQlaina67z1ycnH8f51LIZECY2357Tu0pO9pYUnkA9R+n1zTTVFuXab9NZDiFluU4kKTylWFHn6V9Rj5ygXOCrkbeBmsIxBXM2daNXbsPcGPUBXxC5A6FRNWHpTVKbTaJLspxSWg4ylRHYFWM0CuteUlLacfka6Xh1UfSs1ByN4Qr9DS9aC51U+ZEuxc2hDOh5AJ/SalsM6xPQmp8V1va4kEqJ5r5vfiNpTTeP2i/ubUkhG0ZBV6Vj1jxL1FEthgsTVo/dhAUk84odk6vvEsBEuY88EkkBas4p5egKzbrG4jp/5CNVWyhOfP0muIvjxZ3keYIi0IOS2gEZH1+tFenvFfTUgCYZXkFQAW2oYIP9awvB1BKalIdLygM9M1cb160jc9ORZMG5qjXFlj98g8bl/wB0+9Tv6PplIAyM+nM7oPtlrNWr5K8DODxn5ftNit6rtElpLTEpDhUQVFJzXmpX022IhD6ghcpre2cjJSRwRWLdM+JV0tqFx/jlOKa/4aieTz0qSuvibqa5SW5KLk6ktI2IB6Ae1dr+z6hwd3EQ1H26vasoqgEwl8TdS3SNd2osWY4HEj96TgpUB0GO+KELX5XmhTpHJySagLjennXlyp8lbzrhKiVHJJqNN6lrOEL2J7Yq/Hh6dNg7zD26uzU2b3OfnLr1mjSybRa5VneSh51jElvPRQwN3PTJzQB5p+ZpLpGcZTnr9aGV3Oa+lIdkLXgYG5WcD0r6bfWDvLpye5NDpbwhjvJa7ULqrPECheBwPl/9kkQ7EmbgohKuRzU5EmvFAa81Ww87c8Z9cULSp7ymM4CinkGvq2agCiEuJwfanBcGHMrNhU8Q0fk+clJcbQCkYJA5V7n3rjZ9XT9HTZS4bTLrE1otPNOo3JUDXCPIbktApVz6U0ukYuM7gOU9KLtSxdrcieLvWQ6HBEgZa0OPrcaQEhSiQkdq4KBxXXYSrHpXpTjtTCnEVJzyYycBFN19afPpyOBzTGS6hoZV19K6WCjJngCe08ZGF5HcUqj0zVuPEJyABSpJ9Su7iHWk4kzrK4MXDUE96G2W2FS3ShB/CnecD9K8hLCVtkjoOKjLkQZ8w/8A2HP8xp7bVF4tgH2rGsAFxNit7Pb4h7ycKipxGc8041c0UaXfWBxtSKQY2uIGOcA081kznRUlxI5Bb/mKXoOLU+cs9Rk0WE+kpxbm3imqiMmk6vK+K5qPHNazfMPidkrBAxtGBinDL7zfCHCB9ajypWOOK9S6tPRVeNgE5sOeDJ63TFMPhSl9fWi5h9+f+6tUVyS6UFe1AJISkZUf0Bqtg86VA571afhNqiRpS4K1A3bxLajtqadB7JcBT/WgXap0QmscxrR6dLbQlrYB7n0ka1Ckz5IYZK3VqwE8c5OOP1NdpNjmw/8AiMrT3AUkijnRCbbM1bEnob+EjqmocwFZ8tG8HGfpWivta+CN30rqe561UmK7p27yQu2PMrSEhtadyEBI6YAPTtzSTaohuZbVdLVvhz3zj3xMYFS2xtOQrv8ASusd3PyLNOrxHS1JXtHGTTVxhUYpK9pygLG1QPBqxry4zKW9PDcrHrXzDB6VwZXGt70lqTG8wPNkMqBwW19jXiJW3BHOQDxXObIS41uUn5kjIouOMGB5HIk1bJCxtIXgGpj4lZT8ywR70FWy8Mbg2XACPU0QNy0ON/KoE1MEjtBZ9ZxmLDTpIxhXNNFTEIyV0pqypZBpgtvdkmmBYwEF4az2TcS4CllOM96jnvMWcrOakGI4KsU6ctfmt5CCO2ccZoLuWPMMlXHwyCjtguk/3aVPm4bjDyklB6UqEw5kxkcGMbi6DNmqHT4hf+Y1L6eU05GQEtHzdxyvdxj0x/WhmQ+pU+cn0kuf5jU9pZ4KUY+7BJyPpWZsGVmh0z4YQ+Yh+c4lzPARinGpIhc0VcE4+4gH9CKcWKIp5JaR8yyoAD1JqX1LaJcTSl2jymFNrTHUSk9elI1WbbVE0b0M+kezHGDzMvuffUPQmvg9KUhQS8r2Jrn5gNawHifP/OfWSRXoOK8BHfpSKk/hOa5PTo2vBxUjbZy2TsS6pI74OMj0qHKyTTqO835SGi0A4lZUHAfvA44OeOADj61wVbp3djkSzNOXxUdSXEkj0q49TfaG1Fq7QVt0RqfZcY9lSU259aylxkFO0BWOFgDpnketZvttwwlIzgGrs8MPCaF4m2hG3URt84vqBC0BTamtvUYOQoHt3BodlNNfxuZa6bV3MvhrKyvF1aDhUpYUVc4BofeuzyztRlKf40VeKvhTqnwrvTVt1E2hbcpBciymjlt5IPOD2I4yOoyKH9J2aRftRwLTFLQekvJSgu/cz7+1O1lXQMh4iNisbCGHMtTwy8EtU3y3C+X1hFtts1vMJUtW1TxyPmSnrgjcAo8ZqA1norUWlkn9s6fXDZKyht9C/MaXjtv6E1uW+2W/x7dbF31qFh+I00yiOchslKNqE9OEgfpQFrizsXXQt/tD8XzUu29xTaFJ5S8lILax6EKH86xg+1Fv3wUug2lsDHv2mjPQE+6m1W+IDPtMFXFlyO/5zZISfTtT+23iShOPNPHYmvJOHgW1pIJGCPQ1GrefZW3HWU7GshOEgEg9ckde3WtqvAmQfg5hSL2HQA6nkdxXdmZDf4S8lJ9CaHGXUqTnPJrx5ODvSMmpBzIFRDGPG3LBbcSQfep1gykwTAKx5KnA7twPvAEZz9CaryLLe8tCEfKUEncM5OfWiK1XmUgbXVFSfQ1w/F3ENTb4R4MIPgEOYU41nPTIpU3/APEMZvAdITxxmlQiTGCayciVzcmVxLxPaWCD8S4ef8Rp/pt//wA0QAeg5rvq9tK5z0lKefPcSo/8xptpZtIvDZP48iqG1dhIMepybF+cunTBLhfQOqNpFGN9fkXTSkxEsBS0RVtBXdQxxmgzRxKp77Z7tpP8qsRiIJFqlxiM5RkCqF22WbvSb2jcdI1QPByD+XMxRLQQ6ok8964hJ7Zqa1FAVEvMyIU48l9aP0URUeGiK2ycgT5a4wxE4Ja3V9eSR1BFTFgtiZs5DTuNpOKunVX2epTWkI+pbN/vDSowedT+JPGTj1H+lDs1NdDBW85ZaLpGq6hU9tAyF7zPhCU/iBr1LUl5pxxmOtbbIBcUkZCQehPpXSdC+EfU0ofdOK6QLnOtzcpiHIU23NZMd9I6LbPUH+H6UzliMrK4KFba8VsewvY6o8Uaaf1XfNOvIl2W4vRlpUFfIrgke1ASMoUFJHNEVoZkz32YcVlTrz6ghtCRkqUegFSNYI5kq2Pl3mwIKkfaf8FJFldWk6osuZENSlAbn0gjYSfwrHH5j0rP/hv4ceI8vV8V6z6Nuj79uk71f7sva2pCvxfQjmvrww8Q754OaxNxMR1SBlmZDUdilDPTnoQf++at+6/bd1I8tLVo0wxGaKhlbz5UoDPPAGOlKLTqtMzJp1DKeRk4xnv85ZrZprQHvYqy9+M5xNJeGumvFu/aeCPEmVbzLRsagsNAB1tsApUTg43Yx79ayX4/+O1xD180DbGX4smNKcgTHVADOxZQ6B6ZKRg+hNbj0A+/eXbdeIs1brM5lp5pKj1Q4gKT264UK/MrxRsus7rr++Xa86dmsSbzdJUkN+SrJK3VHAH54qn6do9PfqHutQblIxjgA+w/KN63V2+EEoYlSOfXB7ZMD2pO9vcpSlKJzuPOfrX2G0uH4ghO5oFQBGQojoKk16OmWZSUXlRYdVjMYDLifr2FSsGw29teLizIZaBwSo7TWn2nvM8wz3gcFkPEBooBAOPTinjalKGNpNGM+HpSPluyWaU6vGC/Jf8AkP0QBnH1NQzjpjAtIDSMjBCED+ualszzFt2OIzjsITuU8sMgJKhuB5PpXw/e0w0lDTSlq6ZAJ5p6Vy3AElRKT0yomnURny1BYdUkg545ogrBkl5geJVxny1OLaePyngJOByKVW3a7++glDqnFICeNjKAc+520qE9RzCg4gJe3FquE5k8p89zH/6NONORwZkRYHIXz9M1zure67zBjgvuf5jTi2lUSdDUOAHMH6GszqGJzLzTD4gT7S3NJslueHSOFgpH6VZGn3ULuKYSyAl9tSefXFAWmMKbSsc7XAQfaiyBMTb9Q2t937i3w2fzHH8azljFiQZu6GWtc+WZm/xftP7I1/dYpTtBd8wfmM0GYFX39r/Sa7LqyHf2Wv3FwaCFLHTeOf5Gs/GShCcq6+la/p2oF+mRx5gT5t1Kg0auxPf+/MkrZJ+DkpdBxjn6VpDw9+0NbrZpdzTepYq32PKUhtxA3EA5ykg9RzWWBLWpWUpxTlmc4obCrB+tM26erVYDRjpfWNT0li1HnwY+voblzluNqwknior4YJPJzTwc/MVZr5UgGrBE2jEq7HNjFz5zmqE42lt1bagh0EoJ6KwcVJ2WU9DkIdYcU28yoONrScFKh0IpkCooAUokJ6DPArowrYsEdaYrUYwZHODkQvnTpl+KZNwWHnyVKceUPncUrHKj36Ue+C/gjL8TL3mc45FtEZYD7yQNyz12Izx25PYUM+H+lLhq27RrNDa3F9WVKPRCOpUfbFbl0Hpy16S0ymFbEYZjp8pKiPvuHG5X/fYAVy6xdMmfpOMXubAOSfOHdinWbSyrbbdORXExbQwwzGS+9neGwB85GPTjFHMrXOmdXrYTcdFWYSmgU+ctkF5BPUoVjIHuPWqrDCVs73Mk4OCOxqMfnvbW5Md0odbOCR6+9ZK1tjFgMZ5ltSpZAue3EJtYfZR8GdbJdurTK7RNxvJhkI3H1JWVA/liqYv32UNGOTD8He5twd4HzTG1rUr/AA9qvK0awkOQAoPFL6Bg+h/Kh2/uRbstTy7ez5is7lNcbj6kUQdStUAAyH3ZWyGlAax+x9qAN7LBc5UZ3H/CejbkEf40EmgNH2R/EiG2qVeplmjRknBcXJKVk+ySMmtSRbpebesIZuMpTSeA28kOpA9ADyB9DTa/uQtSMiLd3kRSD8jiSpKfzB6U7T1Nm4aBfQLnImQL/wCE06zFxFulxbgplJUtKXdh49Mjmq/mrv8AGCkN21DaEjlSfnIPpmtxx/CKE+8XIWpLe4oAK4kpP9c0IeK/2arhfoDd50uqM5dofyqZYKQqSkkcgjqR/ImrCrVAnkwD6c19hMcNP3Nx0+c+9jGcbtoz9KVXk79nXxThrAuWiLktRAwRGJP6ilTZdSc5gCDKjubebtMOOPiHP8xpKUWpMQ+rgFdJpSLpNCzj/eHP8xrhOkMnyS0SVIWFfpWVtG4y9rYKstjR85CVuRVq+YJCh+uKItRSHGbfFnR0lTseShxIHfHNVezeFW+QxcYyspKPnHYgjmjJjVUaXbA46rCUkKVxnGO9UdlLBw4HE0lOrrahqmbB8pZfiVbofjL4SpVDZBuMdgOxwo8+ajjbn36fnWG5Ed9iS5FktKbdbUUrSoYKSOorX+lNRx4MYxIj4Da1FxAzwCeo+lMNSeGmhNYTFTrlHTFlu8qeaOwq9yOhonTdV9w3UuDszke0reo6Ntcq3L+IDB9DMnhsjrSwEn3FXxqb7OifhVy9MXluUW058lShuVge3eqRlwH4MhcaS2pDjailSSOhFaXTamrUjNRziZu2l6ThxPhLyhjJNOUqCgD60zxzipnTbttZvUJV4TuheakP8chB4JqxrtKg55ggm8gdoz9hT6BEW6sLbQVq7AU+vsazS9RyWNLhz9nlYSz5nXoAfyJ5qx/Cvw6lRtUx5t8hByOyz8RGAOUOucbefQZyR7U3VejYHYn1nn01oV7AMqvcjtLY8CNHT7LBEVyKlF0u4R5riusZjIOPYn+oFaUfitxbaxDjJAQkBKR9OpPuTVceF8RyXLmXhadyGiWWj3Uv8Sv4gD6mrX+HCtjK+qUY/wBaU6k+59o7CR0hzh2jQNLZtpGMr2hYHr60MICzKkMFJG47hR1do624LTrSclvCk+46GhtDLb7oeSjCkHCh7Vl9VcQwBl5RpmFB1AIxnGM89uOPT3jKA+pl/YflWOMeop8ttClEjgL5GOxrjcIimpCXx1VyCea6srUkJSvg9j60JNtg954k4DCclwpCzlkhZ7DODXAzBG3Rp8JDyTwpLiean/hQ+wJMPhafvJHY144xFujJDyBvT94Hr9a4pZDxOMQRnEBJ2ndJ3J3dHuj1kfUeA787R/PtT+P4Z60ZKF2mYxdWcApejP5z/wAucinF301ltRQkONnt3FA0lu96fk/E2O5yYbqDnCHCkfpmrnT6gj8UA1bd0Msd2za+tcBDbhubIK+UpWsAHB96VQMHxy1PGgCNdIcaeoL3FboKVE465FKmRazckSNtVgb4TmYMvqFKuUwoPJfc/P5jUWCsthOwkp4JqSmJfTdZeUEgSHOD/iNP7eiEle6S2SkjkAUk5B5AkQZDRLkuH+6cJ2HsRxUzbbwhA8tle1Rzx1BFE8DSenNSxlNRwWpB6diPy70N3vQtx046dq/NTySpPald6MxTzhRYRCKzOeaQliQAo8gJPej7Ttx/aDfkTT+9a+U84yKqKzOBDzTpWUrQoEkVfGn7NbLtb0yIykJdUAdw4JpXUqqLlvrHdJea25PHmIK/sm6afv7q48p3aSX0LP4kH/vGKgtTaKsmqbmq5uJeYlPHc4lKRt3d6vKFpSZJYQzJjpkJTwlZPIHfmphrw2guNNlqOA7k5B5Oc9vUcfxodGtqVgWbDdsiBuCoccMv6zGV68KdRWxzdEhvSmCMhxtsk9ehHrUYnQ2pFBWbTJynBILZBFbwZ0o/a04DYKTxgckexr4as0cSVJftwc3DqE4q2p6mxHwgGJHTqzd8CYfb0dqe1touD1mkhk9FeWSKM9Ia5u2n3GlMxnCASAhwEg56gelbMtNgQVJQ7ER5X9jZkfoalGPDjR0tRTL0vb1Eq37vJCVbs5zkfQU2nUCeLE+k8lhoBCNweJ9eELlnu2hrfOtZbVlvfJSnq25nKkK9CCf40RTpAZkyCPw4phB0Qqxz37jphYimSMSI+f3TvOckevvXZ213B1x9CmVb1kdOeBRLdSt6bhwZX11+HaQDkGTkYJnwAggHcj+YoeiQlsPutgZWwrCk/wBpNEtjjKZiNIdUM7AOtNbu0mDMau//ALR/dPY9CfvflVbqNP4lW5ZY03hLDW3nG0u1olRN6FHO3KfYgdKjokRudGca2FC2Tg85IHY/zooIYZQVA/u1gK+nuPam0S3KZnLfZALTyfmPtnr+Rx+VVNVbICDJ06kFyh7Ht+0Hozjtukht8EJzhXoR604lBG7z2Dg+o71K3q1Asl5Kc46j0qOiQ3HE+QVffB2K9/7Neazzjq7SOIw+M3navCVdPY1DX2yiY2VoaGaIXrQ4Spt1spUPUUwxMt6/LUPMaJ+6r+hoterAODBlAPwd5Wk+zllOFIx82P50qO7zEbeaCwyU5WOCPY0qshZkZBgzfg4ImD7nFUi4yz/87nH/ADGuCWFII5BB54oovdpc+PllKUk+cvv/AHjUOi3yC55aEcj3pk1FPxCKBg34Z3iXF2KyktDY82sLQtPHYj+tfVx1BcrivfMdCjt2/dpsWXEBRWkpUDjbjmurVu+ISFF5Kc9j2oZSsfFjmSyx/FHdvdsTLCFymcuE/NhPvxR3p3XGn7a2G0pcT7JRxQG3Yt3JkJx7Cpa36bTuSsyEYPqKA6q4xCq7DtLrsfitb0I2MPIwcDapsiilrWxmRGkR/LRjcoLSfm5xx/Cqes1haSEhMpvj2NHlnswwMSmu1JfcdMp3beZLaWOcQmTLuck7v2g5tPYHFPoMOaXfM+PeGMHJVXGFajtAMlsgeiqmGrckI27l/UKo6+Gn4RDChmGGk7bZMhO1PxQWR60Sw5L+AXGkKz36UGw4Jb+dC1jH4uuKm2EOtKZBu7ai8MpG8evQ+ldbVCvuZBujnU8Vpk/nDGItlSFIdb+Y4xtPSnnlRFpKUr3AdOSCaryFqdMyU5EYubRcjrKVjp0P8anZesYNqiqmS5KFKT2AA5/lULLyDiLjoVqDOfpn957rWM3bLYi5W5KmpBeSgbF/ez7VHWybPnWkoua0ONyUnKdmFJOT36dqG9SeIdvuCGm5M+OwylfmJSpwZUe3FfNq1tY3mm4jdwbKkZA2nryT/WprqLF+HPlCPoytAAHxA94SLdukVhMdgpdZQnA3HBH+tO9Jahet0gNXtlIaCjg5yNp6ioZN7hyh8K462hajlLyl4SB6EYpmqWwlxaEuhwg4BSchVDss8PvJUaNyMkS3JKLNc21PWiYh4Y/fM/iR74PUUPItQb8xpSglIOUq9D2NAzV1LKkqaUttaeApKsHHfpT1N7U6gNPS1lI/CVZFIsquciEbT21HKniFK9QWgtqQ+HFLb4JDZ+Yj0r486wydrr5WWu4CcK/Q0NpnMDlLuUZx+dOGpcd04Joi6aonIlbc9itnmd9QJssOIhUB559suJzhsgJUUkkc0qZ3VtpcZO0EjzB0+hpU4qqowDFvvD/+TMVRnmbwXJiW9ocWVEKHrz2+tO022ERhUZBNKlW5Cq3cCVzM2e89VbIKzvUwMgYz1plItsVJOxsClSpbU1IBwIamxicZjMsFs/KQKeQ5D6FBOQQPWlSrO2gS3rY8Qgt0xxJBxj6USQrs40oFKl/TPFKlQIbJhJA1E82AQD+lTMbVsjIThQ4+tKlUCokFusBwDH6dVP5Cy9IQO4QQAfqK+n7xAdX56orhWOc9M/xpUqgxOMSwqusBGGMaP6oZjqSGoYBUoAYSBz+tVtrrxDvEqU/atqUMoO0gHOaVKuaVQ9w3cyWotcaYnPnj9ICx5Mhx9K1rzuPrVx6FVayG48pDwUUbt7aEk/xIpUqf1qgqR6AmB6Od+oVW5yZPy9QQYTzrCo0h1IUNq9wSQPpz/Om69fCHJZVFiKAaSUgnAKjkkE9c/wDSlSqppqWywK3Yy9W1k37ccHjgftE/4gS7koIVBaQonduTwfoadwtQPtPofewtKVA+XsyCPfmlSp/X6eqhVFa4yIj0+99dr/8AsHdyfIeXyk3N1LbVtoXFhPNLJJcGQUn0x3Hen9g1DYVsP/HQZTj4GU427NuPrnOaVKq27isgRrT01nqG0jj08pCar1tbY6GmoDU1vG3duwcn5v71KlSphhs4E4NJTYSWXzP95//Z', '2674046910@qq.com', '2021-04-28 00:07:47.157000', '2021-04-28 00:33:35.491000', NULL);

SET FOREIGN_KEY_CHECKS = 1;
